case_name,seed,face_x_idx,face_x_coord,Q_face_mean,Q_face_median,Qp_face_mean,Qp_face_median,Q_borehole_mean,Qp_borehole_mean,Q_ratio,Q_difference,Q_log_ratio,Qp_ratio,Qp_difference,face_joints_count,face_rqd_practical,face_rqd_mean,face_rqd_min_dir,RQD_borehole_direct,RQD_borehole_hudson,lambda_borehole,borehole_n_intersections_total,RQD_face_scanline,lambda_face_scanline,RQD_face_scanline_hudson,face_scanline_n_intersections,Jv_face,Jv_method,RQD_face_jv,RQD_face_conservative,RQD_diff_bh_direct_minus_face_scanline,RQD_diff_bh_hudson_minus_face_scanline,RQD_diff_bh_direct_minus_face_jv,RQD_diff_bh_hudson_minus_face_jv,RQD_absdiff_bh_direct_face_scanline,RQD_absdiff_bh_hudson_face_scanline,RQD_absdiff_bh_direct_face_jv,RQD_absdiff_bh_hudson_face_jv,face_joint_count,bh_union_fracture_count,common_union_fracture_count,missed_union_fracture_count,miss_ratio_union,detection_ratio_union,face_area,window_length,face_fracture_density,bh_fracture_frequency_mean,bh_union_fracture_frequency,common_fracture_density,missed_fracture_density,face_orientation_bias,bh_union_orientation_bias,orientation_bias_gap,Q_match_strict,Q_match_normal,Q_match_loose,Qp_match_strict,Qp_match_normal,Qp_match_loose,face_RQD_mean,face_RQD_median,face_RQD_std,face_RQD_min,face_RQD_max,face_RQD_n_points,face_Jn_mean,face_Jn_median,face_Jn_std,face_Jn_min,face_Jn_max,face_Jn_n_points,face_Jr_mean,face_Jr_median,face_Jr_std,face_Jr_min,face_Jr_max,face_Jr_n_points,face_Ja_mean,face_Ja_median,face_Ja_std,face_Ja_min,face_Ja_max,face_Ja_n_points,face_Jw_mean,face_Jw_median,face_Jw_std,face_Jw_min,face_Jw_max,face_Jw_n_points,face_SRF_mean,face_SRF_median,face_SRF_std,face_SRF_min,face_SRF_max,face_SRF_n_points,face_Q_mean,face_Q_median,face_Q_std,face_Q_min,face_Q_max,face_Q_n_points,face_Qprime_mean,face_Qprime_median,face_Qprime_std,face_Qprime_min,face_Qprime_max,face_Qprime_n_points
granite_dense_p32_05,40,10,10.5,10.476626373084157,9.68950067991272,11.594688044265077,11.594688044265077,8.342222502919585,11.146930952506526,0.7962699256271906,-2.1344038701645722,-0.09893968686172472,0.9613825667366689,-0.4477570917585503,356,96.6363903594775,96.6363903594775,96.6363903594775,93.39926963530556,94.00748679259156,3.7142857142857144,26,96.6363903594775,2.7,96.94919578078034,27,5.0,P32_derived_Jv_proxy,98.5,96.6363903594775,-3.2371207241719446,-2.6289035668859384,-5.100730364694442,-4.492513207408436,3.2371207241719446,2.6289035668859384,5.100730364694442,4.492513207408436,356,26,12,344,0.9662921348314607,0.033707865168539325,78.53981633974483,7.0,4.532732779257179,3.7142857142857144,3.7142857142857144,0.15278874536821951,4.379944033888959,0.3392163457155766,0.3419684300965099,-0.0027520843809333284,0,1,1,1,1,1,96.6363903594775,96.6363903594775,0.0,96.6363903594775,96.6363903594775,81,4.0,4.0,0.0,4.0,4.0,81,1.2067354324868713,1.2067354324868713,0.31689408320625306,0.5,2.044172007178601,81,2.514396158594661,2.514396158594661,0.491096999111404,1.1844817965803276,4.030290276591582,81,0.8035971553723992,0.8076560283621431,0.10066257195430728,0.53260119501172,1.0,81,0.9697544385533005,0.9383394783297043,0.2766163932638677,0.5,1.603020648014794,81,10.476626373084157,9.68950067991272,3.4908669585586667,4.895903610149188,19.134512731387833,81,11.594688044265077,11.594688044265077,0.0,11.594688044265077,11.594688044265077,81
granite_dense_p32_05,40,20,20.5,9.12470879401084,8.420506716823281,11.493591143013463,11.493591143013466,10.251333626065328,13.121023435524624,1.12346967530558,1.126624832054489,0.05056135443633092,1.1415947611378554,1.6274322925111608,363,96.61820753457052,96.61820753457052,96.61820753457052,97.20047748061462,98.52082682122337,1.7142857142857142,12,96.61820753457052,2.5,97.35009788392561,25,5.0,P32_derived_Jv_proxy,98.5,96.61820753457052,0.5822699460441072,1.9026192866528504,-1.299522519385377,0.02082682122336621,0.5822699460441072,1.9026192866528504,1.299522519385377,0.02082682122336621,363,12,3,360,0.9917355371900827,0.008264462809917356,78.53981633974483,7.0,4.621859547388641,1.7142857142857142,1.7142857142857142,0.03819718634205488,4.583662361046586,0.3505744545428692,0.27378486203799157,0.0767895925048776,1,1,1,1,1,1,96.61820753457052,96.61820753457052,0.0,96.61820753457052,96.61820753457052,81,4.0,4.0,0.0,4.0,4.0,81,1.1896107490965746,1.1896107490965746,0.29486445103896786,0.5,2.024924010830602,81,2.5000466958369967,2.5000466958369967,0.48869090226601664,1.1579807282218069,4.373347053646242,81,0.799889545963395,0.7990959797484326,0.08922012665462013,0.6362147928205298,1.0,81,1.1014069007716158,1.1163084583400518,0.29939186823266106,0.5,1.831943449738366,81,9.12470879401084,8.420506716823281,3.254522283400203,4.685200304585027,19.494099184302062,81,11.493591143013463,11.493591143013466,3.552713678800501e-15,11.493591143013466,11.493591143013466,81
granite_dense_p32_05,40,30,30.5,9.725092428015781,9.205236932379844,11.096707283159445,11.096707283159445,12.875145525309737,11.14982759860508,1.3239098363959367,3.1500530972939558,0.1218584089034721,1.0047870340354252,0.05312031544563567,383,94.37425082672782,94.37425082672782,94.37425082672782,97.19660302101317,98.40417802143001,1.7142857142857142,12,94.37425082672782,3.7,94.63060329731759,37,5.0,P32_derived_Jv_proxy,98.5,94.37425082672782,2.822352194285358,4.029927194702196,-1.3033969789868252,-0.09582197856998675,2.822352194285358,4.029927194702196,1.3033969789868252,0.09582197856998675,383,12,3,380,0.9921671018276762,0.007832898172323759,78.53981633974483,7.0,4.876507456335673,1.7142857142857142,1.7142857142857142,0.03819718634205488,4.8383102699936185,0.35074965573838957,0.2888062923184146,0.06194336341997497,0,1,1,1,1,1,94.37425082672782,94.37425082672782,0.0,94.37425082672782,94.37425082672782,81,4.0,4.0,0.0,4.0,4.0,81,1.1779248486445284,1.1779248486445284,0.2950954941163907,0.5,1.9547689100830177,81,2.5044766047339384,2.5044766047339384,0.4913235801611315,1.120213132694152,3.790865038250997,81,0.800257429823972,0.7905785405298176,0.10106852332611733,0.5390120919419402,1.0,81,0.9987436365213074,0.9967042761718597,0.27448000500424025,0.5,1.6629978368886775,81,9.725092428015781,9.205236932379844,3.452600505578538,4.1243827299071905,21.55231984884795,81,11.096707283159445,11.096707283159445,0.0,11.096707283159445,11.096707283159445,81
granite_dense_p32_05,41,10,10.5,10.07387506918147,9.336053603766752,11.646476748309116,11.646476748309118,10.475852289908184,11.98833819416431,1.0399029388359662,0.4019772207267138,0.016992805553488255,1.0293532072611424,0.3418614458551943,395,96.82383391369677,96.82383391369677,96.82383391369677,97.75613483224585,95.85025691229835,3.0,21,96.82383391369677,2.5,97.35009788392561,25,5.0,P32_derived_Jv_proxy,98.5,96.82383391369677,0.9323009185490747,-0.9735770013984251,-0.7438651677541515,-2.6497430877016512,0.9323009185490747,0.9735770013984251,0.7438651677541515,2.6497430877016512,395,21,5,390,0.9873417721518988,0.012658227848101266,78.53981633974483,7.0,5.029296201703892,3.0,3.0,0.06366197723675814,4.965634224467134,0.3386841374495815,0.28995074575862056,0.048733391690960914,1,1,1,1,1,1,96.82383391369677,96.82383391369677,0.0,96.82383391369677,96.82383391369677,81,4.0,4.0,0.0,4.0,4.0,81,1.2273523676259845,1.2273523676259845,0.2949061591873784,0.5,2.335303091977524,81,2.5509208571135913,2.5509208571135913,0.5005959201788118,1.0435272157544524,4.061652985488744,81,0.7978581082223815,0.7943015153875855,0.09928950078230864,0.5852307861527136,1.0,81,1.0090870943838894,0.9795592398973204,0.30192537640846345,0.5,1.910320876119753,81,10.07387506918147,9.336053603766752,3.455334554403413,5.259069667713586,23.292953496618235,81,11.646476748309116,11.646476748309118,1.7763568394002505e-15,11.646476748309118,11.646476748309118,81
granite_dense_p32_05,41,20,20.5,9.470988795399792,8.99183168693696,11.39345260849501,11.39345260849501,10.301064239796675,11.182695049462167,1.0876440108133232,0.8300754443968827,0.036486772717093996,0.9815018707432283,-0.2107575590328441,369,97.60155094987869,97.60155094987869,97.60155094987869,98.26194682462013,96.56873345487756,2.4285714285714284,17,97.60155094987869,3.0,96.30636868862332,30,5.0,P32_derived_Jv_proxy,98.5,97.60155094987869,0.6603958747414396,-1.032817495001126,-0.23805317537987492,-1.9312665451224404,0.6603958747414396,1.032817495001126,0.23805317537987492,1.9312665451224404,369,17,8,361,0.978319783197832,0.02168021680216802,78.53981633974483,7.0,4.698253920072751,2.4285714285714284,2.4285714285714284,0.10185916357881301,4.596394756493937,0.360444166058571,0.29815666563815235,0.06228750042041864,1,1,1,1,1,1,97.60155094987869,97.60155094987869,0.0,97.60155094987869,97.60155094987869,81,4.0,4.0,0.0,4.0,4.0,81,1.18579889150234,1.18579889150234,0.2785597931045405,0.5,1.9228303408715333,81,2.539524560776734,2.539524560776734,0.488169752085781,0.9891101721796429,4.015202024095564,81,0.8089172847331659,0.8130443701500136,0.09896632926536905,0.5198663106279062,1.0,81,1.0427542653117048,1.0020198540577556,0.25699482971596643,0.5,1.6146966926613922,81,9.470988795399792,8.99183168693696,2.9753367001027735,4.712161497307224,19.1958169532671,81,11.39345260849501,11.39345260849501,0.0,11.39345260849501,11.39345260849501,81
granite_dense_p32_05,41,30,30.5,10.561197889007433,9.460613896972387,11.47095530582423,11.470955305824228,7.916848184227513,12.290673282942299,0.7496164987560476,-2.64434970477992,-0.1251608633691358,1.071460306074235,0.8197179771180689,374,98.11077507982291,98.11077507982291,98.11077507982291,91.7518253258896,95.72941289569418,2.857142857142857,20,98.11077507982291,2.8,96.74031890633287,28,5.0,P32_derived_Jv_proxy,98.5,98.11077507982291,-6.358949753933317,-2.381362184128733,-6.748174674110402,-2.770587104305818,6.358949753933317,2.381362184128733,6.748174674110402,2.770587104305818,374,20,9,365,0.9759358288770054,0.02406417112299465,78.53981633974483,7.0,4.761915897309509,2.857142857142857,2.857142857142857,0.11459155902616464,4.647324338283344,0.35449205679562845,0.28401351092733285,0.0704785458682956,0,1,1,1,1,1,98.11077507982291,98.11077507982291,0.0,98.11077507982291,98.11077507982291,81,4.0,4.0,0.0,4.0,4.0,81,1.1875969338649328,1.1875969338649328,0.2988901926416884,0.5,2.334643653899057,81,2.5393712327679947,2.5393712327679947,0.5064127142095208,1.0975988578245075,3.794796157944936,81,0.801436147906869,0.8010738879103414,0.09968544949654078,0.5777008709041266,1.0,81,0.9647394838910653,0.922854689662873,0.29718692631239385,0.5,1.8443491796109208,81,10.561197889007433,9.460613896972387,3.935587509278823,4.744688493820309,22.711384081287775,81,11.47095530582423,11.470955305824228,1.7763568394002505e-15,11.470955305824228,11.470955305824228,81
granite_dense_p32_05,42,10,10.5,10.338223322672851,9.738747536363435,11.580046527303015,11.580046527303017,8.27050022995654,10.29644577304757,0.7999924137659544,-2.067723092716312,-0.09691413135206361,0.889154093532438,-1.2836007542554455,401,95.42893403169764,95.42893403169764,95.42893403169764,97.70311839066825,95.70589677638384,2.7142857142857144,19,95.42893403169764,2.1,98.08069376239264,21,5.0,P32_derived_Jv_proxy,98.5,95.42893403169764,2.274184358970615,0.27696274468620175,-0.7968816093317486,-2.794103223616162,2.274184358970615,0.27696274468620175,0.7968816093317486,2.794103223616162,401,19,8,393,0.9800498753117207,0.0199501246882793,78.53981633974483,7.0,5.105690574388002,2.7142857142857144,2.7142857142857144,0.10185916357881301,5.003831410809189,0.3411782608433258,0.3126388013731749,0.028539459470150907,0,1,1,1,1,1,95.42893403169764,95.42893403169764,0.0,95.42893403169764,95.42893403169764,81,4.0,4.0,0.0,4.0,4.0,81,1.2051695067858776,1.2051695067858776,0.2903247298267035,0.5,1.9139834034507714,81,2.482892471306598,2.482892471306598,0.4982490647750485,1.0072893929047855,3.8826024157027725,81,0.8201517560809011,0.8226067003048976,0.08698822438873212,0.5751736541013271,1.0,81,0.9877160372876669,0.937196033969026,0.2563878424717291,0.5,1.5404515273190675,81,10.338223322672851,9.738747536363435,3.1676124591655928,5.79036088452469,20.35691883287823,81,11.580046527303015,11.580046527303017,1.7763568394002505e-15,11.580046527303017,11.580046527303017,81
granite_dense_p32_05,42,20,20.5,10.531705250484352,9.352848406756197,11.141907223202022,11.14190722320202,8.052182430141844,10.109100648620478,0.7645658740564854,-2.479522820342508,-0.11658509036055598,0.9073043282544287,-1.032806574581544,384,96.48062572701959,96.48062572701959,96.48062572701959,92.70214726851633,95.78091858244242,2.7142857142857144,19,96.48062572701959,3.2,95.8516728937272,32,5.0,P32_derived_Jv_proxy,98.5,96.48062572701959,-3.7784784585032583,-0.699707144577161,-5.7978527314836725,-2.7190814175575753,3.7784784585032583,0.699707144577161,5.7978527314836725,2.7190814175575753,384,19,4,380,0.9895833333333334,0.010416666666666666,78.53981633974483,7.0,4.8892398517830244,2.7142857142857144,2.7142857142857144,0.05092958178940651,4.8383102699936185,0.34585258353301573,0.28688588364437595,0.058966699888639784,0,1,1,1,1,1,96.48062572701959,96.48062572701959,0.0,96.48062572701959,96.48062572701959,81,4.0,4.0,0.0,4.0,4.0,81,1.185431197633999,1.185431197633999,0.2865345125446923,0.5,2.0930596611188146,81,2.5662380195082495,2.5662380195082495,0.4795024242646745,1.243223166793815,4.265506233246922,81,0.7988857674090312,0.8117037190935028,0.1011720173796645,0.5561134050219071,1.0,81,0.9683511330949067,0.9370708560021371,0.3338856479833927,0.5,1.7820738996420622,81,10.531705250484352,9.352848406756197,4.242403678909857,3.4769399661695206,21.022549392703585,81,11.141907223202022,11.14190722320202,1.7763568394002505e-15,11.14190722320202,11.14190722320202,81
granite_dense_p32_05,42,30,30.5,10.521742393533847,9.684821965440328,11.526434446184023,11.526434446184021,6.759403081639531,9.966545347108438,0.6424224076987033,-3.7623393118943156,-0.19217931927019283,0.8646685489464605,-1.5598890990755852,373,95.9265615960463,95.9265615960463,95.9265615960463,92.9869091182422,96.17839254207853,2.7142857142857144,19,95.9265615960463,2.8,96.74031890633287,28,5.0,P32_derived_Jv_proxy,98.5,95.9265615960463,-2.9396524778041027,0.25183094603222855,-5.513090881757805,-2.3216074579214734,2.9396524778041027,0.25183094603222855,5.513090881757805,2.3216074579214734,373,19,4,369,0.9892761394101877,0.010723860589812333,78.53981633974483,7.0,4.749183501862157,2.7142857142857144,2.7142857142857144,0.05092958178940651,4.698253920072751,0.3347020096297757,0.2798330787643105,0.05486893086546518,0,0,1,1,1,1,95.9265615960463,95.9265615960463,0.0,95.9265615960463,95.9265615960463,81,4.0,4.0,0.0,4.0,4.0,81,1.1952116026611341,1.1952116026611341,0.2976101164137772,0.5,2.127767486769036,81,2.486730392609393,2.486730392609393,0.513274199818621,0.9587183692240706,3.912474888279246,81,0.816729700761937,0.8169461992309159,0.10196021735524873,0.5895180825587304,1.0,81,0.9919010136788373,0.9891668958302567,0.2864226965439688,0.5,1.61392226941115,81,10.521742393533847,9.684821965440328,3.995250319005967,5.198076226107924,23.052868892368043,81,11.526434446184023,11.526434446184021,1.7763568394002505e-15,11.526434446184021,11.526434446184021,81
granite_dense_p32_05,43,10,10.5,9.961131307572549,9.003699761695874,11.316519211313787,11.316519211313786,9.47280319372865,10.907263833922459,0.9509766412302318,-0.48832811384389885,-0.02183015047520831,0.9638355779061311,-0.4092553773913288,427,95.39422541879384,95.39422541879384,95.39422541879384,94.4959297489836,95.17093544133422,3.2857142857142856,23,95.39422541879384,3.2,95.8516728937272,32,5.0,P32_derived_Jv_proxy,98.5,95.39422541879384,-0.8982956698102385,-0.22328997745961487,-4.004070251016401,-3.3290645586657774,0.8982956698102385,0.22328997745961487,4.004070251016401,3.3290645586657774,427,23,13,414,0.9695550351288056,0.03044496487119438,78.53981633974483,7.0,5.436732856019145,3.2857142857142856,3.2857142857142856,0.16552114081557115,5.271211715203574,0.3445310332325039,0.2694231211787369,0.07510791205376699,1,1,1,1,1,1,95.39422541879384,95.39422541879384,0.0,95.39422541879384,95.39422541879384,81,4.0,4.0,0.0,4.0,4.0,81,1.1910518031006496,1.1910518031006496,0.30006553525167273,0.5,1.924646865952968,81,2.5100355963884238,2.5100355963884238,0.4987034624495328,0.75,3.999276438198266,81,0.8005996334473018,0.8083399756866172,0.09094354034905701,0.6028684794019811,1.0,81,1.0111272453389775,1.0189493802142906,0.3091718189269834,0.5,1.9021458853895916,81,9.961131307572549,9.003699761695874,3.733104932670101,4.636796316393992,20.885413336652068,81,11.316519211313787,11.316519211313786,1.7763568394002505e-15,11.316519211313786,11.316519211313786,81
granite_dense_p32_05,43,20,20.5,10.000302209627199,9.422468231124633,11.36998951492622,11.36998951492622,9.45379930846028,10.829841325446639,0.9453513614177774,-0.5465029011669191,-0.024406746026400583,0.9524935191215006,-0.5401481894795808,402,94.39586728554005,94.39586728554005,94.39586728554005,93.32331061753554,95.41063242799103,2.857142857142857,20,94.39586728554005,3.4,95.37722325018969,34,5.0,P32_derived_Jv_proxy,98.5,94.39586728554005,-1.072556668004509,1.0147651424509831,-5.17668938246446,-3.0893675720089675,1.072556668004509,1.0147651424509831,5.17668938246446,3.0893675720089675,402,20,10,392,0.9751243781094527,0.024875621890547265,78.53981633974483,7.0,5.118422969835354,2.857142857142857,2.857142857142857,0.12732395447351627,4.991099015361837,0.331951918486047,0.27819583767247447,0.05375608081357253,1,1,1,1,1,1,94.39586728554005,94.39586728554005,0.0,94.39586728554005,94.39586728554005,81,4.0,4.0,0.0,4.0,4.0,81,1.2130976823756767,1.2130976823756767,0.2958328547194927,0.5,2.087467072958311,81,2.517843303188694,2.517843303188694,0.5179405250406641,1.03927109453574,4.131224313959436,81,0.7905888054956041,0.7786183429896067,0.11006730644197166,0.5534061106231943,1.0,81,0.9738748458334907,1.00575159650972,0.2531224140316706,0.5,1.5940754817332985,81,10.000302209627199,9.422468231124633,3.44974121032046,5.580245140093842,22.73997902985244,81,11.36998951492622,11.36998951492622,0.0,11.36998951492622,11.36998951492622,81
granite_dense_p32_05,43,30,30.5,10.187627875387689,9.369138300035594,11.640563283812046,11.640563283812048,10.088825938691837,11.099006414244384,0.9903017721196367,-0.09880193669585147,-0.004232443790487483,0.9534767470985894,-0.5415568695676622,423,94.63925970241152,94.63925970241152,94.63925970241152,97.72535578122232,94.38642638347561,3.2857142857142856,23,94.63925970241152,3.9,94.1109055552449,39,5.0,P32_derived_Jv_proxy,98.5,94.63925970241152,3.0860960788107974,-0.2528333189359131,-0.7746442187776807,-4.113573616524391,3.0860960788107974,0.2528333189359131,0.7746442187776807,4.113573616524391,423,23,11,412,0.9739952718676123,0.026004728132387706,78.53981633974483,7.0,5.385803274229738,3.2857142857142856,3.2857142857142856,0.1400563499208679,5.24574692430887,0.32777819761104887,0.2877791759385573,0.039999021672491586,1,1,1,1,1,1,94.63925970241152,94.63925970241152,0.0,94.63925970241152,94.63925970241152,81,4.0,4.0,0.0,4.0,4.0,81,1.2298572513042196,1.2298572513042196,0.3043319429688044,0.5,2.0821635050580545,81,2.499723960199926,2.499723960199926,0.46591083100386266,1.2017421562965334,3.596763933026292,81,0.7948638466131424,0.7947782314267764,0.10207510399684487,0.5566606012163399,1.0,81,1.0128008059196867,0.9776625528379457,0.3181093142679531,0.5,1.9115843994476727,81,10.187627875387689,9.369138300035594,3.8433973214346384,3.3897760192727726,22.39526559884917,81,11.640563283812046,11.640563283812048,1.7763568394002505e-15,11.640563283812048,11.640563283812048,81
granite_dense_p32_05,44,10,10.5,9.703303667229543,8.793301471939133,11.630568830955808,11.630568830955806,8.360182851500294,10.322934494709715,0.8615810798269357,-1.3431208157292485,-0.06470384663785922,0.8875691846846127,-1.3076343362460925,354,98.53229470532571,98.53229470532571,98.53229470532571,91.15653435927975,94.48899034361041,3.4285714285714284,24,98.53229470532571,2.2,97.90729335142237,22,5.0,P32_derived_Jv_proxy,98.5,98.5,-7.375760346045965,-4.0433043617153,-7.343465640720254,-4.011009656389589,7.375760346045965,4.0433043617153,7.343465640720254,4.011009656389589,354,24,7,347,0.980225988700565,0.01977401129943503,78.53981633974483,7.0,4.507267988362476,3.4285714285714284,3.4285714285714284,0.08912676813146139,4.418141220231014,0.35027412848329775,0.2743419965709074,0.07593213191239034,1,1,1,1,1,1,98.53229470532571,98.53229470532571,0.0,98.53229470532571,98.53229470532571,81,4.0,4.0,0.0,4.0,4.0,81,1.1908506845948308,1.1908506845948308,0.303440966726731,0.5,2.2979980602217402,81,2.5221735133932808,2.5221735133932808,0.49705652030173303,1.1228334106246283,3.9360775072279623,81,0.8036292895023304,0.8122964039050711,0.09957689538991277,0.5512180366000373,1.0,81,1.0521454522367355,1.053047597726763,0.2997950861484031,0.5,1.9470777795643965,81,9.703303667229543,8.793301471939133,3.4271756616761317,5.169744279703825,23.26113766191161,81,11.630568830955808,11.630568830955806,1.7763568394002505e-15,11.630568830955806,11.630568830955806,81
granite_dense_p32_05,44,20,20.5,10.708232760913946,9.767008209304954,11.573526399753053,11.573526399753055,9.410133181671599,11.723172426065277,0.8787755544518483,-1.298099579242347,-0.05612203267361704,1.0129300285101883,0.14964602631222412,379,96.1018166509752,96.1018166509752,96.1018166509752,96.26176171751624,96.5093802768855,2.857142857142857,20,96.1018166509752,3.0,96.30636868862332,30,5.0,P32_derived_Jv_proxy,98.5,96.1018166509752,0.15994506654104157,0.40756362591029927,-2.2382382824837634,-1.9906197231145057,0.15994506654104157,0.40756362591029927,2.2382382824837634,1.9906197231145057,379,20,7,372,0.9815303430079155,0.018469656992084433,78.53981633974483,7.0,4.8255778745462665,2.857142857142857,2.857142857142857,0.08912676813146139,4.736451106414806,0.3333214093419773,0.21832711590188203,0.11499429344009526,1,1,1,1,1,1,96.1018166509752,96.1018166509752,0.0,96.1018166509752,96.1018166509752,81,4.0,4.0,0.0,4.0,4.0,81,1.190588913753694,1.190588913753694,0.2993476369279742,0.5,2.0316528349720273,81,2.4715405128959347,2.4715405128959347,0.42273855743012917,1.3573827472553668,3.5241918627056616,81,0.7963433355952534,0.792399507706913,0.09464515220703215,0.5310851053093565,0.9832069555538783,81,0.9496117296180606,0.943707473018034,0.283591865374451,0.5,1.6093918813096557,81,10.708232760913946,9.767008209304954,3.7736723065023865,4.459620586432695,21.439573953702382,81,11.573526399753053,11.573526399753055,1.7763568394002505e-15,11.573526399753055,11.573526399753055,81
granite_dense_p32_05,44,30,30.5,10.140716856746398,8.805060973187999,11.521851760686063,11.521851760686065,8.336527230828334,9.78265155813792,0.8220846068966243,-1.8041896259180632,-0.0850834836552613,0.8490520240433483,-1.739200202548144,385,96.51933461824387,96.51933461824387,96.51933461824387,90.03809224372013,92.9188241321697,4.0,28,96.51933461824387,2.5,97.35009788392561,25,5.0,P32_derived_Jv_proxy,98.5,96.51933461824387,-6.481242374523745,-3.600510486074171,-8.46190775627987,-5.5811758678302965,6.481242374523745,3.600510486074171,8.46190775627987,5.5811758678302965,385,28,11,374,0.9714285714285714,0.02857142857142857,78.53981633974483,7.0,4.901972247230376,4.0,4.0,0.1400563499208679,4.761915897309509,0.3539153162637191,0.22446963925394592,0.12944567700977316,1,1,1,1,1,1,96.51933461824387,96.51933461824387,0.0,96.51933461824387,96.51933461824387,81,4.0,4.0,0.0,4.0,4.0,81,1.1887536019776346,1.1887536019776346,0.2915089979672528,0.5,2.080396672064127,81,2.4895674122327445,2.4895674122327445,0.4859454950142165,1.2742717149152147,4.002381708925194,81,0.7812238383453431,0.7788268000785074,0.09346162346482771,0.5342370727038999,1.0,81,0.9848479673114322,0.9792017256840395,0.2960902175930554,0.5,1.714353518314174,81,10.140716856746398,8.805060973187999,3.7261342473620793,4.9928235783567505,19.434675622742706,81,11.521851760686063,11.521851760686065,1.7763568394002505e-15,11.521851760686065,11.521851760686065,81
granite_dense_p32_05,45,10,10.5,10.001198651060307,8.527347106814563,11.449416676979453,11.449416676979453,9.072500138738857,10.84520971777162,0.9071412792882589,-0.92869851232145,-0.04232507012054709,0.9472281447820246,-0.6042069592078327,395,95.12181171002597,95.12181171002597,95.12181171002597,96.14153862692264,96.61854956998526,2.7142857142857144,19,95.12181171002597,3.6,94.88398034566023,36,5.0,P32_derived_Jv_proxy,98.5,95.12181171002597,1.0197269168966727,1.4967378599592962,-2.358461373077361,-1.8814504300147377,1.0197269168966727,1.4967378599592962,2.358461373077361,1.8814504300147377,395,19,7,388,0.9822784810126582,0.017721518987341773,78.53981633974483,7.0,5.029296201703892,2.7142857142857144,2.7142857142857144,0.08912676813146139,4.940169433572431,0.3580390843560799,0.26783798852380514,0.09020109583227476,1,1,1,1,1,1,95.12181171002597,95.12181171002597,0.0,95.12181171002597,95.12181171002597,81,4.0,4.0,0.0,4.0,4.0,81,1.2001033617488597,1.2001033617488597,0.2840392428722483,0.5,2.086155300339396,81,2.4926162011024053,2.4926162011024053,0.4964345945297185,1.2678340580336864,4.069672004117448,81,0.7878509828911117,0.7999873356414235,0.0998739407777145,0.5590883966836794,0.9693777709148167,81,1.0088277539539994,1.0461571489595884,0.29838944737964346,0.5,1.7140001082115817,81,10.001198651060307,8.527347106814563,4.050360571826866,4.554320026660052,21.44739903544865,81,11.449416676979453,11.449416676979453,0.0,11.449416676979453,11.449416676979453,81
granite_dense_p32_05,45,20,20.5,10.720544758316835,9.628015642982094,12.063162704309663,12.063162704309665,11.506278235954634,11.577426847129074,1.0732923088659498,0.7857334776377982,0.030718017249174112,0.959733954594921,-0.48573585718058965,375,97.4200005769915,97.4200005769915,97.4200005769915,95.09201577454391,96.80203894349923,2.5714285714285716,18,97.4200005769915,2.5,97.35009788392561,25,5.0,P32_derived_Jv_proxy,98.5,97.4200005769915,-2.327984802447588,-0.6179616334922713,-3.40798422545609,-1.6979610565007732,2.327984802447588,0.6179616334922713,3.40798422545609,1.6979610565007732,375,18,8,367,0.9786666666666667,0.021333333333333333,78.53981633974483,7.0,4.77464829275686,2.5714285714285716,2.5714285714285716,0.10185916357881301,4.672789129178047,0.3319573706637614,0.28537402393462896,0.04658334672913245,1,1,1,1,1,1,97.4200005769915,97.4200005769915,0.0,97.4200005769915,97.4200005769915,81,4.0,4.0,0.0,4.0,4.0,81,1.224084067912777,1.224084067912777,0.30601863166157794,0.5,2.0113504184632287,81,2.471372423745592,2.471372423745592,0.5055666986350894,1.0773159958701886,4.17260922045422,81,0.8060333339035968,0.794065659519944,0.10791027317708209,0.5085294499498666,1.0,81,0.9988744901786574,1.0171616778561827,0.2875360634309954,0.5,1.7299572534595633,81,10.720544758316835,9.628015642982094,3.948954828994344,4.848769176408164,23.71663248488973,81,12.063162704309663,12.063162704309665,1.7763568394002505e-15,12.063162704309665,12.063162704309665,81
granite_dense_p32_05,45,30,30.5,10.221402710116845,9.186960924166662,11.53398823585599,11.533988235855992,10.22816152593849,13.119748003142876,1.0006612415158005,0.006758815821644504,0.0002870786378175172,1.1374858145213982,1.585759767286886,376,93.65426240508488,93.65426240508488,93.65426240508488,95.41487006065266,96.51106984852605,2.4285714285714284,17,93.65426240508488,3.3,95.61685654644619,33,5.0,P32_derived_Jv_proxy,98.5,93.65426240508488,1.7606076555677816,2.85680744344117,-3.0851299393473397,-1.9889301514739515,1.7606076555677816,2.85680744344117,3.0851299393473397,1.9889301514739515,376,17,7,369,0.9813829787234043,0.018617021276595744,78.53981633974483,7.0,4.787380688204212,2.4285714285714284,2.4285714285714284,0.08912676813146139,4.698253920072751,0.34646018269651346,0.2851731758027869,0.06128700689372657,1,1,1,1,1,1,93.65426240508488,93.65426240508488,0.0,93.65426240508488,93.65426240508488,81,4.0,4.0,0.0,4.0,4.0,81,1.2265284700634367,1.2265284700634367,0.3071194269348775,0.5,2.0373203544389,81,2.489807012840762,2.489807012840762,0.49670852477943156,0.9990100711655576,3.9527775086016064,81,0.8048600204661626,0.8033934027965469,0.08985548222420017,0.5124127807171411,1.0,81,0.9883837094778509,0.9962071229495126,0.2692187643307613,0.5,1.6941483218907574,81,10.221402710116845,9.186960924166662,3.4421835866199046,4.542235986391823,20.35069304900216,81,11.53398823585599,11.533988235855992,1.7763568394002505e-15,11.533988235855992,11.533988235855992,81
granite_dense_p32_05,46,10,10.5,9.653255561172898,8.401765390396907,11.025373498413957,11.025373498413957,12.336377823716536,11.546114456916712,1.2779499874980653,2.6831222625436375,0.10651385806446334,1.0472311399316916,0.5207409585027545,371,93.31808476840745,93.31808476840745,93.31808476840745,89.19537286087504,93.92684749956413,3.5714285714285716,25,93.31808476840745,3.4,95.37722325018969,34,5.0,P32_derived_Jv_proxy,98.5,93.31808476840745,-4.1227119075324055,0.6087627311566877,-9.30462713912496,-4.573152500435867,4.1227119075324055,0.6087627311566877,9.30462713912496,4.573152500435867,371,25,10,361,0.9730458221024259,0.026954177897574125,78.53981633974483,7.0,4.723718710967454,3.5714285714285716,3.5714285714285716,0.12732395447351627,4.596394756493937,0.35894892861909755,0.2698636250883938,0.08908530353070376,0,1,1,1,1,1,93.31808476840745,93.31808476840745,0.0,93.31808476840745,93.31808476840745,81,4.0,4.0,0.0,4.0,4.0,81,1.1798239870668792,1.1798239870668792,0.2997035854492241,0.5,2.0014726402684624,81,2.4964894579930927,2.4964894579930927,0.5108403791963744,0.954743638298265,3.9539989604531476,81,0.7867676957034144,0.788206767846497,0.08645378565696583,0.5845768051651647,1.0,81,0.9995526442477375,1.050942094212838,0.3042872018407805,0.5,1.6369099858959053,81,9.653255561172898,8.401765390396907,3.531768054809951,5.406941239599468,18.74194382118589,81,11.025373498413957,11.025373498413957,0.0,11.025373498413957,11.025373498413957,81
granite_dense_p32_05,46,20,20.5,9.562534912605836,8.905040651506088,11.400154919109639,11.400154919109639,10.227487437293885,11.734953962094059,1.0695372650416652,0.664952524688049,0.029195920950573218,1.0293679380113694,0.33479904298441987,387,95.15049251757691,95.15049251757691,95.15049251757691,85.09806503941438,94.08248906593374,3.142857142857143,22,95.15049251757691,2.9,96.52600021763493,29,5.0,P32_derived_Jv_proxy,98.5,95.15049251757691,-10.052427478162528,-1.0680034516431647,-13.40193496058562,-4.417510934066257,10.052427478162528,1.0680034516431647,13.40193496058562,4.417510934066257,387,22,3,384,0.9922480620155039,0.007751937984496124,78.53981633974483,7.0,4.927437038125079,3.142857142857143,3.142857142857143,0.03819718634205488,4.8892398517830244,0.3613074450318142,0.2148938766414138,0.14641356839040043,1,1,1,1,1,1,95.15049251757691,95.15049251757691,0.0,95.15049251757691,95.15049251757691,81,4.0,4.0,0.0,4.0,4.0,81,1.210320802418389,1.210320802418389,0.2938897345966159,0.5,2.0661202001271524,81,2.5254617430973667,2.5254617430973667,0.487661607415251,0.9780546240947885,3.730377358806523,81,0.7855642330645826,0.7877996558127088,0.09730138903653719,0.5609094553723607,0.9957413612135109,81,1.0082620757526024,0.9768911057570042,0.2607522873320484,0.5,1.5971452265315143,81,9.562534912605836,8.905040651506088,3.0546930358046107,4.783365780839489,18.674031657038455,81,11.400154919109639,11.400154919109639,0.0,11.400154919109639,11.400154919109639,81
granite_dense_p32_05,46,30,30.5,10.035464247769319,9.263361660696498,11.653338618161257,11.653338618161257,8.28770854121194,10.728564664912572,0.8258420673517052,-1.7477557065573794,-0.08310299848554725,0.9206430033872471,-0.9247739532486854,425,96.80092122153464,96.80092122153464,96.80092122153464,91.92653563346711,95.61642948558718,3.142857142857143,22,96.80092122153464,3.0,96.30636868862332,30,5.0,P32_derived_Jv_proxy,98.5,96.80092122153464,-4.8743855880675255,-1.1844917359474607,-6.573464366532889,-2.883570514412824,4.8743855880675255,1.1844917359474607,6.573464366532889,2.883570514412824,425,22,7,418,0.9835294117647059,0.01647058823529412,78.53981633974483,7.0,5.411268065124442,3.142857142857143,3.142857142857143,0.08912676813146139,5.32214129699298,0.3378718752434896,0.32340827451494536,0.014463600728544246,1,1,1,1,1,1,96.80092122153464,96.80092122153464,0.0,96.80092122153464,96.80092122153464,81,4.0,4.0,0.0,4.0,4.0,81,1.20583840596646,1.20583840596646,0.30290038358822324,0.5,2.064351670016205,81,2.5041379206115884,2.5041379206115884,0.4869305999899445,1.0944710297202722,4.227290183851099,81,0.7871252123839014,0.7799559434371687,0.09082855542130557,0.6009053885843837,1.0,81,0.9969094746511691,1.0205001050756453,0.27717376462469245,0.5,1.7460309036122992,81,10.035464247769319,9.263361660696498,3.3891614715213536,5.439753371212727,20.65014738138853,81,11.653338618161257,11.653338618161257,0.0,11.653338618161257,11.653338618161257,81
granite_dense_p32_05,47,10,10.5,10.49086365922655,9.989882341238836,12.27829062112087,12.278290621120869,9.414448266064728,11.18394950823611,0.8973949687912366,-1.076415393161822,-0.04701636965064715,0.9108718675381167,-1.094341112884761,388,98.76272794363038,98.76272794363038,98.76272794363038,90.0997022828323,95.12109349221087,2.857142857142857,20,98.76272794363038,2.7,96.94919578078034,27,5.0,P32_derived_Jv_proxy,98.5,98.5,-8.663025660798084,-3.641634451419506,-8.400297717167703,-3.378906507789125,8.663025660798084,3.641634451419506,8.400297717167703,3.378906507789125,388,20,11,377,0.9716494845360825,0.028350515463917526,78.53981633974483,7.0,4.940169433572431,2.857142857142857,2.857142857142857,0.1400563499208679,4.8001130836515635,0.3250117588543885,0.23964000023789744,0.08537175861649104,1,1,1,1,1,1,98.76272794363038,98.76272794363038,0.0,98.76272794363038,98.76272794363038,81,4.0,4.0,0.0,4.0,4.0,81,1.2392224238017493,1.2392224238017493,0.28101290449212823,0.5,2.0136343295823558,81,2.4919793577179083,2.4919793577179083,0.4717485453715705,1.1168896821792498,3.7847438582479094,81,0.7963026066472056,0.8003798368111937,0.10217619894389435,0.5284124169482818,1.0,81,1.0241773174042865,0.9903799864140268,0.30719625652588406,0.5,2.0124024961922897,81,10.49086365922655,9.989882341238836,3.673048468556592,4.364405078647645,20.76131719111579,81,12.27829062112087,12.278290621120869,1.7763568394002505e-15,12.278290621120869,12.278290621120869,81
granite_dense_p32_05,47,20,20.5,9.814449804632355,9.217330724769084,10.998756684987885,10.998756684987887,8.799678846162195,9.602604522073124,0.8966043967139966,-1.0147709584701605,-0.047399135798193215,0.8730627285518228,-1.3961521629147615,362,92.51331192572596,92.51331192572596,92.51331192572596,92.6533657918565,94.32762097758871,3.5714285714285716,25,92.51331192572596,3.3,95.61685654644619,33,5.0,P32_derived_Jv_proxy,98.5,92.51331192572596,0.14005386613054327,1.8143090518627503,-5.846634208143499,-4.172379022411292,0.14005386613054327,1.8143090518627503,5.846634208143499,4.172379022411292,362,25,7,355,0.9806629834254144,0.019337016574585635,78.53981633974483,7.0,4.609127151941289,3.5714285714285716,3.5714285714285716,0.08912676813146139,4.520000383809828,0.3506918369121217,0.27292634174921115,0.07776549516291054,1,1,1,1,1,1,92.51331192572596,92.51331192572596,0.0,92.51331192572596,92.51331192572596,81,4.0,4.0,0.0,4.0,4.0,81,1.1701855624300326,1.1701855624300326,0.29069695787350386,0.5,1.8801364682319333,81,2.4606813535531424,2.4606813535531424,0.4996413437216635,0.9132862678695668,4.1067310623952356,81,0.7998087194984348,0.7873539374096189,0.09183498687932172,0.6233038930440037,1.0,81,0.9712798626581806,0.9460221466595674,0.26900466756878544,0.5,1.5450643424308745,81,9.814449804632355,9.217330724769084,3.100868441357482,5.7282092758231276,18.980319948382213,81,10.998756684987885,10.998756684987887,1.7763568394002505e-15,10.998756684987887,10.998756684987887,81
granite_dense_p32_05,47,30,30.5,9.595250454298116,9.124140842183985,11.690268599230986,11.690268599230984,10.593287942094973,11.221447211426337,1.104013698501199,0.9980374877968572,0.04297446211290168,0.9598964400325678,-0.468821387804649,377,96.698965623753,96.698965623753,96.698965623753,96.756883948193,98.06000577903305,2.0,14,96.698965623753,2.7,96.94919578078034,27,5.0,P32_derived_Jv_proxy,98.5,96.698965623753,0.05791832444000988,1.361040155280051,-1.743116051806993,-0.43999422096695184,0.05791832444000988,1.361040155280051,1.743116051806993,0.43999422096695184,377,14,6,371,0.9840848806366048,0.015915119363395226,78.53981633974483,7.0,4.8001130836515635,2.0,2.0,0.07639437268410976,4.723718710967454,0.36212849276254233,0.318718141913393,0.04341035084914935,1,1,1,1,1,1,96.698965623753,96.698965623753,0.0,96.698965623753,96.698965623753,81,4.0,4.0,0.0,4.0,4.0,81,1.2210338974883566,1.2210338974883566,0.28566620615934885,0.5,2.0576615068753337,81,2.5250214286443096,2.5250214286443096,0.4910624982930654,0.879576998976924,4.191275657581239,81,0.8031184375808672,0.7998805389268386,0.10126150194952209,0.580690467511096,1.0,81,1.0485718077097428,1.0126227840019357,0.27534264577569273,0.5,1.9047147491509895,81,9.595250454298116,9.124140842183985,2.811530995377914,4.0520662364570015,19.946301285707406,81,11.690268599230986,11.690268599230984,1.7763568394002505e-15,11.690268599230984,11.690268599230984,81
granite_dense_p32_05,48,10,10.5,9.71263973491756,9.040753117967217,11.250232064461244,11.250232064461244,10.066403682147945,10.62827105821307,1.03642304840759,0.35376394723038374,0.015537062442821381,0.9447157176239138,-0.6219610062481742,390,96.32993302096577,96.32993302096577,96.32993302096577,95.44702963788265,96.94319959763405,2.4285714285714284,17,96.32993302096577,2.6,97.15249981124936,26,5.0,P32_derived_Jv_proxy,98.5,96.32993302096577,-0.8829033830831179,0.6132665766682805,-3.0529703621173496,-1.5568004023659512,0.8829033830831179,0.6132665766682805,3.0529703621173496,1.5568004023659512,390,17,9,381,0.9769230769230769,0.023076923076923078,78.53981633974483,7.0,4.965634224467134,2.4285714285714284,2.4285714285714284,0.11459155902616464,4.8510426654409695,0.3323426052198475,0.28110769398925506,0.05123491123059243,1,1,1,1,1,1,96.32993302096577,96.32993302096577,0.0,96.32993302096577,96.32993302096577,81,4.0,4.0,0.0,4.0,4.0,81,1.1988640352625388,1.1988640352625388,0.2835209362290257,0.5,1.9829163120641582,81,2.566313555942092,2.566313555942092,0.4850309636742932,0.9939528035510965,4.1691735971705715,81,0.7941326784074938,0.7963085659560045,0.0977978283033276,0.5581680807162404,1.0,81,0.9995762199698129,0.9836454802723567,0.2817437735375838,0.5,1.8301604874627946,81,9.71263973491756,9.040753117967217,3.206739530663698,4.0926717786906535,20.695016899019592,81,11.250232064461244,11.250232064461244,0.0,11.250232064461244,11.250232064461244,81
granite_dense_p32_05,48,20,20.5,9.857433813382489,9.105206051489702,11.570651659955475,11.570651659955477,9.52366866618689,12.44518769045759,0.9661407671089327,-0.33376514719559935,-0.014959592088880869,1.075582262451887,0.8745360305021155,424,97.6072117394423,97.6072117394423,97.6072117394423,96.14048439046027,94.23377868242629,3.5714285714285716,25,97.6072117394423,3.0,96.30636868862332,30,5.0,P32_derived_Jv_proxy,98.5,97.6072117394423,-1.4667273489820332,-3.3734330570160154,-2.359515609539727,-4.266221317573709,1.4667273489820332,3.3734330570160154,2.359515609539727,4.266221317573709,424,25,7,417,0.9834905660377359,0.01650943396226415,78.53981633974483,7.0,5.39853566967709,3.5714285714285716,3.5714285714285716,0.08912676813146139,5.309408901545629,0.35033595586225375,0.23099611415992183,0.11933984170233192,1,1,1,1,1,1,97.6072117394423,97.6072117394423,0.0,97.6072117394423,97.6072117394423,81,4.0,4.0,0.0,4.0,4.0,81,1.2077999066288334,1.2077999066288334,0.28596760908477326,0.5,1.9595892079096324,81,2.5471767859281664,2.5471767859281664,0.4920254760281011,0.7972562461599935,3.981514178469593,81,0.7839107927325466,0.7879261738196859,0.08118216919385843,0.5955220424578389,0.9839552226616961,81,1.001824807369888,1.0029159345282757,0.2808950461244752,0.5,1.816875972485724,81,9.857433813382489,9.105206051489702,3.256357194082005,4.617440060564863,19.31442857375831,81,11.570651659955475,11.570651659955477,1.7763568394002505e-15,11.570651659955477,11.570651659955477,81
granite_dense_p32_05,48,30,30.5,11.067494404225911,10.248707874895485,12.482714448117607,12.48271444811761,8.916042830768324,10.664866302312655,0.805606265078743,-2.151451573457587,-0.093877164998447,0.8543707658009365,-1.8178481458049518,406,97.84078542497177,97.84078542497177,97.84078542497177,93.59014121120421,94.76962153067522,3.2857142857142856,23,97.84078542497177,2.8,96.74031890633287,28,5.0,P32_derived_Jv_proxy,98.5,97.84078542497177,-4.250644213767558,-3.0711638942965465,-4.909858788795788,-3.7303784693247763,4.250644213767558,3.0711638942965465,4.909858788795788,3.7303784693247763,406,23,6,400,0.9852216748768473,0.014778325123152709,78.53981633974483,7.0,5.16935255162476,3.2857142857142856,3.2857142857142856,0.07639437268410976,5.092958178940651,0.35075054267402883,0.2886738332971909,0.06207670937683796,1,1,1,1,1,1,97.84078542497177,97.84078542497177,0.0,97.84078542497177,97.84078542497177,81,4.0,4.0,0.0,4.0,4.0,81,1.232000381848503,1.232000381848503,0.30570932735667494,0.5,2.057598727282043,81,2.414136074027153,2.414136074027153,0.4915378016688852,1.2260146651505894,3.6697450535548284,81,0.7958521585622667,0.7943142592727024,0.09559250837228793,0.5553196047192309,1.0,81,0.9938847066644849,0.9755349909444945,0.3044861987352099,0.5,1.9222586318853279,81,11.067494404225911,10.248707874895485,4.043232250275726,5.45283373901236,23.540871793096983,81,12.482714448117607,12.48271444811761,3.552713678800501e-15,12.48271444811761,12.48271444811761,81
granite_dense_p32_05,49,10,10.5,10.20367694682803,9.798717654070547,11.588079111416308,11.58807911141631,8.833707614138335,11.419748500424438,0.8657376806587774,-1.3699693326896956,-0.06261367969184817,0.9854738124089925,-0.16833061099186963,359,95.75975557982555,95.75975557982555,95.75975557982555,93.33451592633605,95.7654376309658,2.7142857142857144,19,95.75975557982555,2.8,96.74031890633287,28,5.0,P32_derived_Jv_proxy,98.5,95.75975557982555,-2.4252396534894984,0.0056820511402548846,-5.165484073663947,-2.734562369034194,2.4252396534894984,0.0056820511402548846,5.165484073663947,2.734562369034194,359,19,3,356,0.9916434540389972,0.008356545961002786,78.53981633974483,7.0,4.570929965599234,2.7142857142857144,2.7142857142857144,0.03819718634205488,4.532732779257179,0.35246290324973806,0.20430280235055642,0.14816010089918163,1,1,1,1,1,1,95.75975557982555,95.75975557982555,0.0,95.75975557982555,95.75975557982555,81,4.0,4.0,0.0,4.0,4.0,81,1.2081741026359496,1.2081741026359496,0.30061271903931547,0.5,2.0361850300528617,81,2.495980042376352,2.495980042376352,0.4835001123051366,1.1117180975608745,4.055965601476174,81,0.7871066944420383,0.7804891431614985,0.10574155176250453,0.5632639206363447,1.0,81,0.9711280524572913,0.9867848738962166,0.26748405481762655,0.5,1.6750439296218238,81,10.20367694682803,9.798717654070547,3.492808950258896,4.624550694324252,23.17615822283262,81,11.588079111416308,11.58807911141631,1.7763568394002505e-15,11.58807911141631,11.58807911141631,81
granite_dense_p32_05,49,20,20.5,9.378419207028681,8.77802494367928,11.53715893143878,11.537158931438778,8.728717281283702,11.309401132443565,0.9307237273784841,-0.6497019257449796,-0.03117921427217063,0.9802587621139053,-0.2277577989952153,400,97.12293949915066,97.12293949915066,97.12293949915066,94.46866442066789,95.19427177308967,3.142857142857143,22,97.12293949915066,2.6,97.15249981124936,26,5.0,P32_derived_Jv_proxy,98.5,97.12293949915066,-2.654275078482769,-1.9286677260609935,-4.031335579332108,-3.3057282269103325,2.654275078482769,1.9286677260609935,4.031335579332108,3.3057282269103325,400,22,5,395,0.9875,0.0125,78.53981633974483,7.0,5.092958178940651,3.142857142857143,3.142857142857143,0.06366197723675814,5.029296201703892,0.34450365123840854,0.31357470720019676,0.03092894403821178,1,1,1,1,1,1,97.12293949915066,97.12293949915066,0.0,97.12293949915066,97.12293949915066,81,4.0,4.0,0.0,4.0,4.0,81,1.197055998399669,1.197055998399669,0.29292928790295614,0.5,2.0113471727964427,81,2.5192856837755215,2.5192856837755215,0.49357797554627736,0.8808541877750229,3.6861501855184757,81,0.801240386671217,0.8086293975141062,0.10292465344608133,0.5652240870869816,0.9953055193204609,81,1.0550374972351741,1.0592527335998057,0.2621287633456737,0.5,1.6292694046524878,81,9.378419207028681,8.77802494367928,2.819425461688819,4.521900322124094,16.980098963231505,81,11.53715893143878,11.537158931438778,1.7763568394002505e-15,11.537158931438778,11.537158931438778,81
granite_dense_p32_05,49,30,30.5,10.412097040979429,9.651536998529364,11.775413470993538,11.775413470993536,9.941657273303505,11.52368385652513,0.9548179616628245,-0.47043976767592355,-0.0200794198101526,0.9786224394507679,-0.2517296144684078,340,97.19056738541012,97.19056738541012,97.19056738541012,97.46357518932561,97.70835402994248,2.142857142857143,15,97.19056738541012,2.0,98.24769036935783,20,5.0,P32_derived_Jv_proxy,98.5,97.19056738541012,0.2730078039154904,0.5177866445323644,-1.03642481067439,-0.791645970057516,0.2730078039154904,0.5177866445323644,1.03642481067439,0.791645970057516,340,15,9,331,0.9735294117647059,0.026470588235294117,78.53981633974483,7.0,4.329014452099553,2.142857142857143,2.142857142857143,0.11459155902616464,4.2144228930733885,0.3463922399880722,0.35102965656775664,-0.004637416579684417,1,1,1,1,1,1,97.19056738541012,97.19056738541012,0.0,97.19056738541012,97.19056738541012,81,4.0,4.0,0.0,4.0,4.0,81,1.1994019498829984,1.1994019498829984,0.29180010324532857,0.5,2.036711778115077,81,2.474871823385331,2.474871823385331,0.5069735183459397,0.75,3.927936953814817,81,0.7977486196662066,0.8050997860252979,0.0924371357796984,0.5737982282643138,1.0,81,0.9932331570952084,0.9763592126091798,0.2869769722860283,0.5,1.6130131684613174,81,10.412097040979429,9.651536998529364,3.7283359281054014,4.464530253365536,21.96993637181874,81,11.775413470993538,11.775413470993536,1.7763568394002505e-15,11.775413470993536,11.775413470993536,81
granite_dense_p32_05,50,10,10.5,9.939307281115074,9.340111103888779,11.580129311593014,11.580129311593014,9.188079149737222,12.708649180162029,0.924418461958088,-0.7512281313778519,-0.03413138962471374,1.097453131843635,1.1285198685690148,397,94.4684450176211,94.4684450176211,94.4684450176211,97.84428814256636,97.1383636946524,2.5714285714285716,18,94.4684450176211,3.1,96.0815512653819,31,5.0,P32_derived_Jv_proxy,98.5,94.4684450176211,3.3758431249452627,2.669918677031305,-0.6557118574336442,-1.3616363053476022,3.3758431249452627,2.669918677031305,0.6557118574336442,1.3616363053476022,397,18,7,390,0.982367758186398,0.017632241813602016,78.53981633974483,7.0,5.054760992598596,2.5714285714285716,2.5714285714285716,0.08912676813146139,4.965634224467134,0.35522154432076325,0.22148063277448982,0.13374091154627343,1,1,1,1,1,1,94.4684450176211,94.4684450176211,0.0,94.4684450176211,94.4684450176211,81,4.0,4.0,0.0,4.0,4.0,81,1.2041690704658303,1.2041690704658303,0.2881994998682856,0.5,2.067359016245021,81,2.455844329634097,2.455844329634097,0.5078693199386517,1.135584733307586,4.029751594873425,81,0.8012737427693075,0.8024635074640515,0.09078087181613989,0.6077581184293633,1.0,81,1.0182479670090923,1.0152385544736318,0.2752523232554317,0.5,1.591477833481668,81,9.939307281115074,9.340111103888779,3.423567419428354,4.613260108030627,20.10680606780984,81,11.580129311593014,11.580129311593014,0.0,11.580129311593014,11.580129311593014,81
granite_dense_p32_05,50,20,20.5,10.276409044191894,9.257049152260947,11.342810203574997,11.342810203574993,12.578213255938335,12.67021013694505,1.2239891582602382,2.3018042117464415,0.08777757097244598,1.1170256673211094,1.327399933370053,383,93.58389714813183,93.58389714813183,93.58389714813183,97.42095109713621,97.24753298775217,2.4285714285714284,17,93.58389714813183,3.1,96.0815512653819,31,5.0,P32_derived_Jv_proxy,98.5,93.58389714813183,3.8370539490043853,3.6636358396203406,-1.0790489028637893,-1.252467012247834,3.8370539490043853,3.6636358396203406,1.0790489028637893,1.252467012247834,383,17,6,377,0.9843342036553525,0.015665796344647518,78.53981633974483,7.0,4.876507456335673,2.4285714285714284,2.4285714285714284,0.07639437268410976,4.8001130836515635,0.3353960609900305,0.341118263769847,-0.005722202779816499,1,1,1,1,1,1,93.58389714813183,93.58389714813183,0.0,93.58389714813183,93.58389714813183,81,4.0,4.0,0.0,4.0,4.0,81,1.214979404458489,1.214979404458489,0.29621262375911067,0.5,2.159653121338777,81,2.5060480071355085,2.5060480071355085,0.4926264690725285,0.8399294771850667,4.072586071629814,81,0.7994913444304069,0.7999326833004284,0.09544963912186753,0.5057842443200987,1.0,81,0.9555357449217797,0.9779056086506612,0.2480471593299317,0.5,1.5139782620778282,81,10.276409044191894,9.257049152260947,3.4089167121910338,4.037432874180225,20.249140312739964,81,11.342810203574997,11.342810203574993,3.552713678800501e-15,11.342810203574993,11.342810203574993,81
granite_dense_p32_05,50,30,30.5,10.63996620126316,10.343651381830984,11.893348171529198,11.893348171529198,10.02810032018525,11.43680816038669,0.942493625496172,-0.611865881077911,-0.02572157843909184,0.9616138361916123,-0.45654001114250775,384,96.79862815485505,96.79862815485505,96.79862815485505,93.44596028143954,94.36576236919201,3.5714285714285716,25,96.79862815485505,2.9,96.52600021763493,29,5.0,P32_derived_Jv_proxy,98.5,96.79862815485505,-3.3526678734155126,-2.43286578566304,-5.05403971856046,-4.134237630807988,3.3526678734155126,2.43286578566304,5.05403971856046,4.134237630807988,384,25,4,380,0.9895833333333334,0.010416666666666666,78.53981633974483,7.0,4.8892398517830244,3.5714285714285716,3.5714285714285716,0.05092958178940651,4.8383102699936185,0.3405535209689501,0.27223134669277305,0.06832217427617704,1,1,1,1,1,1,96.79862815485505,96.79862815485505,0.0,96.79862815485505,96.79862815485505,81,4.0,4.0,0.0,4.0,4.0,81,1.240522702053835,1.240522702053835,0.308156745497679,0.5,2.265230040761093,81,2.524118818812098,2.524118818812098,0.4729994303788557,1.3064660407341568,3.7831542779849356,81,0.8088118795477663,0.8138605172177267,0.09584849353255269,0.5848971614287447,1.0,81,0.9675824403387312,0.9327893628628112,0.24378250646221436,0.5,1.4894734810451185,81,10.63996620126316,10.343651381830984,3.093731587331149,5.171158617540946,19.359052988662512,81,11.893348171529198,11.893348171529198,0.0,11.893348171529198,11.893348171529198,81
granite_dense_p32_05,51,10,10.5,9.615612366659455,9.009656860086071,11.769025926526835,11.769025926526833,9.628391105461342,12.546594022421122,1.001328957357536,0.012778738801886291,0.0005767756767548482,1.0660690273560944,0.7775680958942868,396,96.32925014057487,96.32925014057487,96.32925014057487,94.94000468523201,95.45556682914925,3.0,21,96.32925014057487,2.9,96.52600021763493,29,5.0,P32_derived_Jv_proxy,98.5,96.32925014057487,-1.3892454553428593,-0.8736833114256228,-3.5599953147679884,-3.044433170850752,1.3892454553428593,0.8736833114256228,3.5599953147679884,3.044433170850752,396,21,9,387,0.9772727272727273,0.022727272727272728,78.53981633974483,7.0,5.042028597151244,3.0,3.0,0.11459155902616464,4.927437038125079,0.34047943046565654,0.2533321196844096,0.08714731078124693,1,1,1,1,1,1,96.32925014057487,96.32925014057487,0.0,96.32925014057487,96.32925014057487,81,4.0,4.0,0.0,4.0,4.0,81,1.229094624159538,1.229094624159538,0.29844140147791465,0.5,2.2711031883667148,81,2.5150289462409328,2.5150289462409328,0.5002483910523305,0.9919962152208459,4.401796259506266,81,0.7838654286524246,0.7939540374680594,0.09992869020360821,0.4749622900598166,1.0,81,1.0485297151903896,1.002223744268108,0.3006532459470663,0.5,1.914870104549414,81,9.615612366659455,9.009656860086071,3.3226091905087554,4.701495156204635,18.509799097388417,81,11.769025926526835,11.769025926526833,1.7763568394002505e-15,11.769025926526833,11.769025926526833,81
granite_dense_p32_05,51,20,20.5,9.631559860968194,8.884993756669212,12.01008521332861,12.010085213328612,12.118009757110029,11.871584625223987,1.2581565117212374,2.486449896141835,0.09973466968549938,0.9884679762345968,-0.1385005881046233,376,97.62059224842037,97.62059224842037,97.62059224842037,94.79904648802868,95.19427177308967,3.142857142857143,22,97.62059224842037,2.4,97.54185477225263,24,5.0,P32_derived_Jv_proxy,98.5,97.62059224842037,-2.821545760391686,-2.426320475330698,-3.7009535119713206,-3.3057282269103325,2.821545760391686,2.426320475330698,3.7009535119713206,3.3057282269103325,376,22,11,365,0.9707446808510638,0.02925531914893617,78.53981633974483,7.0,4.787380688204212,3.142857142857143,3.142857142857143,0.1400563499208679,4.647324338283344,0.35538971688741905,0.27859584908950596,0.07679386779791308,0,1,1,1,1,1,97.62059224842037,97.62059224842037,0.0,97.62059224842037,97.62059224842037,81,4.0,4.0,0.0,4.0,4.0,81,1.2046261330658876,1.2046261330658876,0.3165045314697916,0.5,1.9554407232584772,81,2.4478659905199875,2.4478659905199875,0.49379053224393354,0.75,3.73650354206875,81,0.8052804417016167,0.8132156741767894,0.10295180223691232,0.56329971100237,1.0,81,1.089130975749321,1.1130928122059145,0.28622072293879447,0.5,1.7619723911493748,81,9.631559860968194,8.884993756669212,3.3364556087039334,4.87697606965555,22.901805523914312,81,12.01008521332861,12.010085213328612,1.7763568394002505e-15,12.010085213328612,12.010085213328612,81
granite_dense_p32_05,51,30,30.5,10.433183648709425,9.842855185056461,11.580646528387744,11.58064652838774,11.655453044441723,9.434887748814166,1.1171521020703485,1.2222693957322974,0.048112307039283486,0.8147116592917624,-2.145758779573578,356,98.98932396719582,98.98932396719582,98.98932396719582,94.16464252776517,96.21723565932624,2.7142857142857144,19,98.98932396719582,2.0,98.24769036935783,20,5.0,P32_derived_Jv_proxy,98.5,98.5,-4.824681439430648,-2.7720883078695806,-4.335357472234833,-2.282764340673765,4.824681439430648,2.7720883078695806,4.335357472234833,2.282764340673765,356,19,5,351,0.9859550561797753,0.014044943820224719,78.53981633974483,7.0,4.532732779257179,2.7142857142857144,2.7142857142857144,0.06366197723675814,4.469070802020421,0.3400190213019886,0.3079682787679632,0.0320507425340254,1,1,1,1,1,1,98.98932396719582,98.98932396719582,0.0,98.98932396719582,98.98932396719582,81,4.0,4.0,0.0,4.0,4.0,81,1.1809794572922896,1.1809794572922896,0.2987429955587108,0.5,1.9099006183145344,81,2.523701025887045,2.523701025887045,0.47765361512948823,1.2510843745716382,4.152676810016157,81,0.7987216233867049,0.7980046999951199,0.0977254949045771,0.5775189737373762,1.0,81,0.9760805416804138,0.9275340439524289,0.29537839699062507,0.5,1.732389882030218,81,10.433183648709425,9.842855185056461,3.6281544782388666,4.931174421248681,23.159356013078668,81,11.580646528387744,11.58064652838774,3.552713678800501e-15,11.58064652838774,11.58064652838774,81
granite_dense_p32_05,52,10,10.5,9.910859308794954,9.246663688224313,11.788179934496696,11.788179934496696,10.294902388865001,10.383004706398319,1.0387497257406575,0.3840430800700467,0.016510922126141137,0.8807979488007049,-1.4051752280983774,381,97.16766657337782,97.16766657337782,97.16766657337782,96.13613398872289,97.48252804801439,2.142857142857143,15,97.16766657337782,2.4,97.54185477225263,24,5.0,P32_derived_Jv_proxy,98.5,97.16766657337782,-1.0315325846549257,0.3148614746365723,-2.3638660112771106,-1.0174719519856126,1.0315325846549257,0.3148614746365723,2.3638660112771106,1.0174719519856126,381,15,7,374,0.9816272965879265,0.01837270341207349,78.53981633974483,7.0,4.8510426654409695,2.142857142857143,2.142857142857143,0.08912676813146139,4.761915897309509,0.34506264746797766,0.19568608069557414,0.14937656677240352,1,1,1,1,1,1,97.16766657337782,97.16766657337782,0.0,97.16766657337782,97.16766657337782,81,4.0,4.0,0.0,4.0,4.0,81,1.20033616512591,1.20033616512591,0.30326066302117327,0.516152116136715,2.149858387018506,81,2.4735341867239056,2.4735341867239056,0.4984156367984815,1.2434570617978333,3.843456988010144,81,0.8029661202574983,0.7988655099431926,0.0999414618486419,0.5424772832518779,1.0,81,1.0316767392158908,1.034691004443133,0.2762663158812229,0.5,1.8412721425068197,81,9.910859308794954,9.246663688224313,3.12855321214985,4.953921150305701,18.8302872463134,81,11.788179934496696,11.788179934496696,0.0,11.788179934496696,11.788179934496696,81
granite_dense_p32_05,52,20,20.5,10.351869699803263,9.152055227805883,11.67683648368811,11.676836483688112,8.220742443043417,11.625145592174453,0.7941311745065388,-2.1311272567598465,-0.10010775492922253,0.9955732109817701,-0.05169089151365647,403,96.84782320198885,96.84782320198885,96.84782320198885,94.66164237412345,96.2092342145432,2.857142857142857,20,96.84782320198885,2.9,96.52600021763493,29,5.0,P32_derived_Jv_proxy,98.5,96.84782320198885,-2.1861808278653996,-0.6385889874456439,-3.8383576258765544,-2.2907657854567987,2.1861808278653996,0.6385889874456439,3.8383576258765544,2.2907657854567987,403,20,4,399,0.9900744416873449,0.009925558312655087,78.53981633974483,7.0,5.131155365282706,2.857142857142857,2.857142857142857,0.05092958178940651,5.080225783493299,0.3538626657944043,0.29806054207250554,0.055802123721898744,0,1,1,1,1,1,96.84782320198885,96.84782320198885,0.0,96.84782320198885,96.84782320198885,81,4.0,4.0,0.0,4.0,4.0,81,1.2031548649379649,1.2031548649379649,0.30522537243268943,0.5,2.0582403388277086,81,2.4947452549948097,2.4947452549948097,0.49040683993729295,1.1000489430382328,3.783982383736638,81,0.7810743103232906,0.7887518242440279,0.11013369955489766,0.5091893079140576,1.0,81,0.9839018720155006,0.9925951799673405,0.29353034361696767,0.5,1.6423598413405756,81,10.351869699803263,9.152055227805883,4.207509341005538,5.067900869486173,23.109531994496052,81,11.67683648368811,11.676836483688112,1.7763568394002505e-15,11.676836483688112,11.676836483688112,81
granite_dense_p32_05,52,30,30.5,10.864363278989158,9.990146513796656,11.547694447948704,11.547694447948706,12.748125066907463,13.108255053075245,1.1733890647380463,1.8837617879183046,0.0694420365426156,1.1351404483519005,1.5605606051265415,386,96.67282526928904,96.67282526928904,96.67282526928904,93.73589783855583,94.59229007676451,3.5714285714285716,25,96.67282526928904,2.0,98.24769036935783,20,5.0,P32_derived_Jv_proxy,98.5,96.67282526928904,-2.9369274307332063,-2.080535192524522,-4.764102161444171,-3.907709923235487,2.9369274307332063,2.080535192524522,4.764102161444171,3.907709923235487,386,25,7,379,0.9818652849740933,0.018134715025906734,78.53981633974483,7.0,4.914704642677728,3.5714285714285716,3.5714285714285716,0.08912676813146139,4.8255778745462665,0.35366234494760584,0.2732904705457666,0.08037187440183924,1,1,1,1,1,1,96.67282526928904,96.67282526928904,0.0,96.67282526928904,96.67282526928904,81,4.0,4.0,0.0,4.0,4.0,81,1.194429717528418,1.194429717528418,0.31657964725809634,0.5,2.109877611682075,81,2.4998257422628316,2.4998257422628316,0.4898471778996046,1.1449121832275255,3.9040391254378406,81,0.7999759789944247,0.8158555489654203,0.1003283673933865,0.534267415660564,1.0,81,0.9325187714664647,0.9361089669648482,0.2643714053272736,0.5,1.4945150714961841,81,10.864363278989158,9.990146513796656,3.828277226519193,5.758051450070461,21.99776259722577,81,11.547694447948704,11.547694447948706,1.7763568394002505e-15,11.547694447948706,11.547694447948706,81
granite_dense_p32_05,53,10,10.5,9.20100317240704,8.057004260429412,11.384936725442016,11.384936725442016,8.802527744621338,9.636917366594707,0.9566921758074497,-0.39847542778570144,-0.019227777848337957,0.8464620927632391,-1.7480193588473085,395,96.08739049121846,96.08739049121846,96.08739049121846,86.22005634858711,92.10162166330737,4.285714285714286,30,96.08739049121846,3.0,96.30636868862332,30,5.0,P32_derived_Jv_proxy,98.5,96.08739049121846,-9.86733414263135,-3.9857688279110874,-12.279943651412893,-6.39837833669263,9.86733414263135,3.9857688279110874,12.279943651412893,6.39837833669263,395,30,13,382,0.9670886075949368,0.03291139240506329,78.53981633974483,7.0,5.029296201703892,4.285714285714286,4.285714285714286,0.16552114081557115,4.8637750608883215,0.34126134594726987,0.2970102492320069,0.04425109671526295,1,1,1,1,1,1,96.08739049121846,96.08739049121846,0.0,96.08739049121846,96.08739049121846,81,4.0,4.0,0.0,4.0,4.0,81,1.201944841736177,1.201944841736177,0.3000067317972585,0.5,1.8441138647163644,81,2.536064673480342,2.536064673480342,0.4807253084786791,1.3062123920842685,3.9750376942334196,81,0.7815469191546549,0.7704193526014428,0.09602806482868793,0.577922385128754,1.0,81,1.0500208240749493,1.091025868931795,0.26337482813577845,0.5,1.6262270746414123,81,9.20100317240704,8.057004260429412,3.3997124590564916,5.282643184377103,22.76987345088403,81,11.384936725442016,11.384936725442016,0.0,11.384936725442016,11.384936725442016,81
granite_dense_p32_05,53,20,20.5,11.0491266785351,10.029782805050395,11.93523930411024,11.93523930411024,9.810413400995182,11.075664000951775,0.8878903904734535,-1.238713277539917,-0.05164064430100623,0.9279800529125172,-0.859575303158465,355,99.267615294658,99.267615294658,99.267615294658,93.57382567964585,94.35828286249848,3.4285714285714284,24,99.267615294658,3.0,96.30636868862332,30,5.0,P32_derived_Jv_proxy,98.5,98.5,-5.69378961501215,-4.909332432159516,-4.92617432035415,-4.141717137501516,5.69378961501215,4.909332432159516,4.92617432035415,4.141717137501516,355,24,6,349,0.9830985915492958,0.016901408450704224,78.53981633974483,7.0,4.520000383809828,3.4285714285714284,3.4285714285714284,0.07639437268410976,4.443606011125718,0.3426324493734282,0.31510050269086476,0.027531946682563424,1,1,1,1,1,1,99.267615294658,99.267615294658,0.0,99.267615294658,99.267615294658,81,4.0,4.0,0.0,4.0,4.0,81,1.2061491166971983,1.2061491166971983,0.3060606705513112,0.5,2.0625666654482657,81,2.5079418906803164,2.5079418906803164,0.5474001856756108,1.0723056263908974,3.897006258162506,81,0.7885809337883731,0.7842033611490626,0.10554323536285222,0.48466954656430067,1.0,81,0.9653463163362846,0.9575334951927542,0.3235661024319136,0.5,1.7677804597321345,81,11.0491266785351,10.029782805050395,4.3815440603503655,4.3320461147857685,21.902065129918086,81,11.93523930411024,11.93523930411024,0.0,11.93523930411024,11.93523930411024,81
granite_dense_p32_05,53,30,30.5,9.706848717558508,9.278546917647594,11.327242725451185,11.327242725451185,8.856763585278975,11.706302640464449,0.9124241906910703,-0.8500851322795331,-0.03980320898901557,1.0334644471034027,0.3790599150132632,364,98.28771088660709,98.28771088660709,98.28771088660709,97.44835691037152,97.15538815326533,2.142857142857143,15,98.28771088660709,2.1,98.08069376239264,21,5.0,P32_derived_Jv_proxy,98.5,98.28771088660709,-0.8393539762355715,-1.132322733341752,-1.0516430896284845,-1.344611846734665,0.8393539762355715,1.132322733341752,1.0516430896284845,1.344611846734665,364,15,5,359,0.9862637362637363,0.013736263736263736,78.53981633974483,7.0,4.634591942835992,2.142857142857143,2.142857142857143,0.06366197723675814,4.570929965599234,0.35608688076458705,0.32283684419721936,0.03325003656736769,1,1,1,1,1,1,98.28771088660709,98.28771088660709,0.0,98.28771088660709,98.28771088660709,81,4.0,4.0,0.0,4.0,4.0,81,1.15898592559512,1.15898592559512,0.27519117112059094,0.5,1.9539752423478658,81,2.514161573508668,2.514161573508668,0.5090729928392995,0.9322953525715991,4.519652701086215,81,0.7918693297694279,0.7969357561123706,0.10118138027772673,0.5096404005600609,0.9698551146602745,81,1.0155449253031117,0.9585013099142662,0.30263822975242777,0.5,1.6167859127721582,81,9.706848717558508,9.278546917647594,3.3430718566015956,4.828011526790467,20.0415592629567,81,11.327242725451185,11.327242725451185,0.0,11.327242725451185,11.327242725451185,81
granite_dense_p32_05,54,10,10.5,9.886664874102854,9.40949487606873,11.648423573621686,11.648423573621686,9.776015257692942,11.313719429892009,0.9888081959064126,-0.110649616409912,-0.004887942516001997,0.97126614244286,-0.3347041437296774,386,97.24002938241074,97.24002938241074,97.24002938241074,95.14567242084216,97.5401916543659,2.142857142857143,15,97.24002938241074,3.1,96.0815512653819,31,5.0,P32_derived_Jv_proxy,98.5,97.24002938241074,-2.094356961568579,0.3001622719551591,-3.3543275791578395,-0.9598083456341016,2.094356961568579,0.3001622719551591,3.3543275791578395,0.9598083456341016,386,15,6,380,0.9844559585492227,0.015544041450777202,78.53981633974483,7.0,4.914704642677728,2.142857142857143,2.142857142857143,0.07639437268410976,4.8383102699936185,0.32422233312570836,0.3333747278738375,-0.009152394748129122,1,1,1,1,1,1,97.24002938241074,97.24002938241074,0.0,97.24002938241074,97.24002938241074,81,4.0,4.0,0.0,4.0,4.0,81,1.1930244328974398,1.1930244328974398,0.29969969802235213,0.5,2.0104893673636273,81,2.489816114937423,2.489816114937423,0.5126180068738083,0.9402199759639598,4.0850439161161995,81,0.8078119727822491,0.8089250558464265,0.09648407754777928,0.5335741910550436,1.0,81,1.0288467230446088,1.0323607100823244,0.2723958964152607,0.5,1.712812935228443,81,9.886664874102854,9.40949487606873,3.26444567709722,5.030461935350907,22.05782103110169,81,11.648423573621686,11.648423573621686,0.0,11.648423573621686,11.648423573621686,81
granite_dense_p32_05,54,20,20.5,9.068107454816419,8.302580311505134,11.241826809148291,11.241826809148291,10.892283496036237,12.626767513535926,1.20116391984867,1.8241760412198182,0.07960227853363444,1.1231953425274803,1.3849407043876347,378,95.44138864249045,95.44138864249045,95.44138864249045,96.36779412787779,97.24753298775217,2.4285714285714284,17,95.44138864249045,3.2,95.8516728937272,32,5.0,P32_derived_Jv_proxy,98.5,95.44138864249045,0.9264054853873347,1.806144345261714,-2.1322058721222135,-1.252467012247834,0.9264054853873347,1.806144345261714,2.1322058721222135,1.252467012247834,378,17,8,370,0.9788359788359788,0.021164021164021163,78.53981633974483,7.0,4.812845479098915,2.4285714285714284,2.4285714285714284,0.10185916357881301,4.710986315520102,0.3516191770570666,0.2920436082170742,0.05957556883999238,1,1,1,1,1,1,95.44138864249045,95.44138864249045,0.0,95.44138864249045,95.44138864249045,81,4.0,4.0,0.0,4.0,4.0,81,1.166160437638401,1.166160437638401,0.3114862874066603,0.5,2.313853227721608,81,2.4751308981555047,2.4751308981555047,0.4696117792238615,0.9528442735930289,3.734685314595686,81,0.7855038277716311,0.7832084502946978,0.09248378655519528,0.5734072022454373,0.9844770300577768,81,1.0479640595703046,1.0616906362666911,0.27001707968438077,0.5,1.8396691409692576,81,9.068107454816419,8.302580311505134,2.865716854069982,5.038174589933761,18.014211258621494,81,11.241826809148291,11.241826809148291,0.0,11.241826809148291,11.241826809148291,81
granite_dense_p32_05,54,30,30.5,10.833382742446478,9.747624477001214,12.13243882898807,12.132438828988068,10.09057200587495,9.796928853437704,0.9314331678081392,-0.7428107365715277,-0.030848301147136548,0.8074987223533223,-2.335509975550366,342,99.59844454570369,99.59844454570369,99.59844454570369,91.43225369585518,94.76632201228676,3.2857142857142856,23,99.59844454570369,1.9,98.4081369392601,19,5.0,P32_derived_Jv_proxy,98.5,98.5,-8.166190849848505,-4.832122533416921,-7.067746304144819,-3.733677987713236,8.166190849848505,4.832122533416921,7.067746304144819,3.733677987713236,342,23,9,333,0.9736842105263158,0.02631578947368421,78.53981633974483,7.0,4.354479242994256,3.2857142857142856,3.2857142857142856,0.11459155902616464,4.2398876839680915,0.3377508306340773,0.3490798475144884,-0.011329016880411102,1,1,1,1,1,1,99.59844454570369,99.59844454570369,0.0,99.59844454570369,99.59844454570369,81,4.0,4.0,0.0,4.0,4.0,81,1.209449992396658,1.209449992396658,0.3009979763425837,0.5,2.0313832451626177,81,2.482174847457431,2.482174847457431,0.5193535523785985,0.9528442735930289,3.780170051294421,81,0.7993164253925964,0.7990642605031754,0.10487203939701423,0.5067266883373909,1.0,81,0.9869707952797963,0.9633611234529782,0.3056210202370006,0.5,1.8362575040963869,81,10.833382742446478,9.747624477001214,3.8131249903925317,4.904563456665781,22.650221928045507,81,12.13243882898807,12.132438828988068,1.7763568394002505e-15,12.132438828988068,12.132438828988068,81
granite_dense_p32_05,55,10,10.5,9.50416854277737,8.748504964964306,11.565874012548662,11.565874012548662,9.568087609490073,10.561307433650367,1.0067253717592455,0.0639190667127032,0.002911013953779129,0.9131439113197699,-1.0045665788982951,387,97.54680288713281,97.54680288713281,97.54680288713281,95.63247568924258,94.45084895200706,3.4285714285714284,24,97.54680288713281,2.2,97.90729335142237,22,5.0,P32_derived_Jv_proxy,98.5,97.54680288713281,-1.9143271978902305,-3.095953935125749,-2.8675243107574175,-4.049151047992936,1.9143271978902305,3.095953935125749,2.8675243107574175,4.049151047992936,387,24,6,381,0.9844961240310077,0.015503875968992248,78.53981633974483,7.0,4.927437038125079,3.4285714285714284,3.4285714285714284,0.07639437268410976,4.8510426654409695,0.3219067219077001,0.3231287038335734,-0.0012219819258733056,1,1,1,1,1,1,97.54680288713281,97.54680288713281,0.0,97.54680288713281,97.54680288713281,81,4.0,4.0,0.0,4.0,4.0,81,1.2121500903737417,1.2121500903737417,0.2802699795858598,0.5,2.1612679646044106,81,2.5558242681663943,2.5558242681663943,0.5016653530683778,1.1459416925203263,3.9439062514618577,81,0.7989508974061292,0.8060861644536488,0.11470062755130633,0.5306346758404765,1.0,81,1.0488390311236087,1.0336423033437352,0.29021690568682945,0.5,1.7958886582742033,81,9.50416854277737,8.748504964964306,3.054552900677363,4.580297671691572,18.99598089891493,81,11.565874012548662,11.565874012548662,0.0,11.565874012548662,11.565874012548662,81
granite_dense_p32_05,55,20,20.5,10.678159615286207,9.293236328673459,11.67020004915254,11.67020004915254,10.818597560594402,12.51358373706306,1.0131518866890838,0.14043794530819476,0.005674557508585476,1.072268143164501,0.8433836879105208,362,97.80473783668974,97.80473783668974,97.80473783668974,92.65900121880439,95.98956615221837,3.0,21,97.80473783668974,2.5,97.35009788392561,25,5.0,P32_derived_Jv_proxy,98.5,97.80473783668974,-5.145736617885348,-1.8151716844713661,-5.840998781195609,-2.510433847781627,5.145736617885348,1.8151716844713661,5.840998781195609,2.510433847781627,362,21,7,355,0.9806629834254144,0.019337016574585635,78.53981633974483,7.0,4.609127151941289,3.0,3.0,0.08912676813146139,4.520000383809828,0.3291425871960023,0.24138066156238147,0.08776192563362084,1,1,1,1,1,1,97.80473783668974,97.80473783668974,0.0,97.80473783668974,97.80473783668974,81,4.0,4.0,0.0,4.0,4.0,81,1.1976387036271945,1.1976387036271945,0.31563507726282425,0.5,2.1604281551934204,81,2.509270169705376,2.509270169705376,0.5013895452557202,0.9090963678328401,4.189110219489804,81,0.8010471372126292,0.7944372582919701,0.08488077615597643,0.5958170217276738,1.0,81,0.9707604475528432,0.9928709735218786,0.29156754547026437,0.5,1.7580939475872595,81,10.678159615286207,9.293236328673459,3.9185127340814723,5.730728092603552,23.34040009830508,81,11.67020004915254,11.67020004915254,0.0,11.67020004915254,11.67020004915254,81
granite_dense_p32_05,55,30,30.5,9.937752180454043,9.333304736585667,11.303944644702442,11.303944644702442,11.06729219185136,10.622286501045204,1.11366151931409,1.1295400113973173,0.04675321361048923,0.9396973211491535,-0.6816581436572378,374,97.83349643422588,97.83349643422588,97.83349643422588,95.25827002903554,96.91305965081379,2.2857142857142856,16,97.83349643422588,2.3,97.72763310791008,23,5.0,P32_derived_Jv_proxy,98.5,97.83349643422588,-2.5752264051903353,-0.9204367834120859,-3.2417299709644567,-1.5869403491862073,2.5752264051903353,0.9204367834120859,3.2417299709644567,1.5869403491862073,374,16,10,364,0.9732620320855615,0.026737967914438502,78.53981633974483,7.0,4.761915897309509,2.2857142857142856,2.2857142857142856,0.12732395447351627,4.634591942835992,0.3470198624518722,0.18444671378950428,0.16257314866236794,1,1,1,1,1,1,97.83349643422588,97.83349643422588,0.0,97.83349643422588,97.83349643422588,81,4.0,4.0,0.0,4.0,4.0,81,1.1821996753469717,1.1821996753469717,0.2845509539412721,0.5,2.085930466704947,81,2.5579284789050174,2.5579284789050174,0.5070022614230301,0.7658949883620274,4.277654824466254,81,0.8038330925410956,0.8132630357124913,0.09222684588255507,0.5662557170820526,1.0,81,0.983951961308957,0.9627312064317265,0.25845668368527064,0.5,1.705656508152421,81,9.937752180454043,9.333304736585667,3.0916078129577795,4.781382603852967,21.4017818529733,81,11.303944644702442,11.303944644702442,0.0,11.303944644702442,11.303944644702442,81
granite_dense_p32_05,56,10,10.5,9.640998717779164,8.860007778114179,11.380334246453872,11.380334246453874,6.991814098312211,9.368404588946406,0.7252167854164799,-2.6491846194669533,-0.13953215255034268,0.8232099678325014,-2.0119296575074657,359,95.72799927881164,95.72799927881164,95.72799927881164,89.33952616400269,92.15755137456897,4.142857142857143,29,95.72799927881164,3.5,95.13289211202631,35,5.0,P32_derived_Jv_proxy,98.5,95.72799927881164,-6.388473114808946,-3.57044790424267,-9.160473835997308,-6.342448625431032,6.388473114808946,3.57044790424267,9.160473835997308,6.342448625431032,359,29,15,344,0.958217270194986,0.04178272980501393,78.53981633974483,7.0,4.570929965599234,4.142857142857143,4.142857142857143,0.1909859317102744,4.379944033888959,0.35910426233676296,0.2970764136188593,0.06202784871790368,0,1,1,1,1,1,95.72799927881164,95.72799927881164,0.0,95.72799927881164,95.72799927881164,81,4.0,4.0,0.0,4.0,4.0,81,1.1995017128922056,1.1995017128922056,0.2997726678408739,0.5,2.1641682927207353,81,2.522463238337184,2.522463238337184,0.501281318945856,0.75,3.7144482924491413,81,0.7823589503379773,0.790194484838452,0.09917952678137605,0.518969045191373,0.9820108223489054,81,1.0079947474217688,1.007768193717179,0.27464169171945974,0.5,1.720549897063656,81,9.640998717779164,8.860007778114179,3.4398011847501992,4.850191801714109,22.064205485399444,81,11.380334246453872,11.380334246453874,1.7763568394002505e-15,11.380334246453874,11.380334246453874,81
granite_dense_p32_05,56,20,20.5,10.08638892998518,9.189214147705737,11.576464491769885,11.576464491769887,7.960573347699468,10.545232226560298,0.7892391819270411,-2.1258155822857123,-0.1027913622537241,0.9109199301787928,-1.0312322652095869,360,95.72296040823662,95.72296040823662,95.72296040823662,93.74355065460666,95.80607677870441,3.142857142857143,22,95.72296040823662,2.6,97.15249981124936,26,5.0,P32_derived_Jv_proxy,98.5,95.72296040823662,-1.9794097536299518,0.08311637046779197,-4.756449345393335,-2.6939232212955915,1.9794097536299518,0.08311637046779197,4.756449345393335,2.6939232212955915,360,22,5,355,0.9861111111111112,0.013888888888888888,78.53981633974483,7.0,4.583662361046586,3.142857142857143,3.142857142857143,0.06366197723675814,4.520000383809828,0.346389922833914,0.2898763395016606,0.056513583332253425,0,1,1,1,1,1,95.72296040823662,95.72296040823662,0.0,95.72296040823662,95.72296040823662,81,4.0,4.0,0.0,4.0,4.0,81,1.1995653789486338,1.1995653789486338,0.3031289752518812,0.5,2.1158477878983764,81,2.4797283608874108,2.4797283608874108,0.5019393053768634,1.0216576543870324,4.064624665395983,81,0.7839745673627838,0.7772247290095319,0.10132556908802029,0.534042146369163,1.0,81,0.9845532428375287,0.9704414837310807,0.27252122245815147,0.5,1.6625981315246559,81,10.08638892998518,9.189214147705737,3.6818773675461776,5.024096075842444,23.152928983539773,81,11.576464491769885,11.576464491769887,1.7763568394002505e-15,11.576464491769887,11.576464491769887,81
granite_dense_p32_05,56,30,30.5,10.048825408088048,9.313561275978627,11.573625077887813,11.573625077887813,12.543242404893272,12.486705789820466,1.2482297080012486,2.4944169968052243,0.09629451462322858,1.0788932340375492,0.9130807119326523,380,97.67034388132677,97.67034388132677,97.67034388132677,94.08179801302188,95.93990399064991,2.857142857142857,20,97.67034388132677,2.5,97.35009788392561,25,5.0,P32_derived_Jv_proxy,98.5,97.67034388132677,-3.588545868304891,-1.7304398906768625,-4.418201986978119,-2.56009600935009,3.588545868304891,1.7304398906768625,4.418201986978119,2.56009600935009,380,20,5,375,0.9868421052631579,0.013157894736842105,78.53981633974483,7.0,4.8383102699936185,2.857142857142857,2.857142857142857,0.06366197723675814,4.77464829275686,0.3587644936398793,0.2730103515986173,0.08575414204126197,1,1,1,1,1,1,97.67034388132677,97.67034388132677,0.0,97.67034388132677,97.67034388132677,81,4.0,4.0,0.0,4.0,4.0,81,1.191459736199308,1.191459736199308,0.2962313178882144,0.5,1.943743077740647,81,2.5136956090290696,2.5136956090290696,0.4786510027713241,1.0574043829787882,3.872182239900261,81,0.7909837137334307,0.8027262606453777,0.09965502542811723,0.5284697563760429,1.0,81,0.9851134274768893,0.9662617085633743,0.2759374895387308,0.5135505301536576,1.6210734816791847,81,10.048825408088048,9.313561275978627,3.148816780331768,4.783343690955993,19.23619944980936,81,11.573625077887813,11.573625077887813,0.0,11.573625077887813,11.573625077887813,81
granite_dense_p32_05,57,10,10.5,9.15841438816503,8.318406083251748,11.387332037423205,11.387332037423203,7.248076281947398,9.888533279529877,0.791411698002411,-1.9103381062176314,-0.10159753463563526,0.8683801655236106,-1.4987987578933275,393,94.32377044742941,94.32377044742941,94.32377044742941,85.74444587866694,91.52157389073156,4.714285714285714,33,94.32377044742941,2.7,96.94919578078034,27,5.0,P32_derived_Jv_proxy,98.5,94.32377044742941,-8.579324568762473,-2.802196556697851,-12.755554121333063,-6.97842610926844,8.579324568762473,2.802196556697851,12.755554121333063,6.97842610926844,393,33,10,383,0.9745547073791349,0.02544529262086514,78.53981633974483,7.0,5.003831410809189,4.714285714285714,4.714285714285714,0.12732395447351627,4.876507456335673,0.3464761889744864,0.2788436422772199,0.06763254669726648,0,1,1,1,1,1,94.32377044742941,94.32377044742941,0.0,94.32377044742941,94.32377044742941,81,4.0,4.0,0.0,4.0,4.0,81,1.209222978204541,1.209222978204541,0.30121257808693663,0.5,2.081678705407683,81,2.5040648292567904,2.5040648292567904,0.503027221126726,0.75,4.382484943993912,81,0.7675328810866332,0.7781820495681833,0.10397211786747748,0.4939238133708671,0.9771729962436889,81,1.0279861806934314,0.9710968011849007,0.2769149055711802,0.5,1.7197434001525769,81,9.15841438816503,8.318406083251748,2.9055648463924095,4.088791335315301,21.545107686196065,81,11.387332037423205,11.387332037423203,1.7763568394002505e-15,11.387332037423203,11.387332037423203,81
granite_dense_p32_05,57,20,20.5,9.716168451785517,8.642892835665673,11.858866453168345,11.858866453168341,9.438831534038467,10.788248339314405,0.9714561435278446,-0.27733691774704994,-0.012576800883835393,0.9097200294748322,-1.0706181138539392,384,98.56638033032826,98.56638033032826,98.56638033032826,88.88500944322006,94.14163384793947,3.2857142857142856,23,98.56638033032826,2.7,96.94919578078034,27,5.0,P32_derived_Jv_proxy,98.5,98.5,-9.681370887108201,-4.424746482388784,-9.614990556779944,-4.358366152060526,9.681370887108201,4.424746482388784,9.614990556779944,4.358366152060526,384,23,9,375,0.9765625,0.0234375,78.53981633974483,7.0,4.8892398517830244,3.2857142857142856,3.2857142857142856,0.11459155902616464,4.77464829275686,0.3424169021632032,0.270329464245174,0.07208743791802918,1,1,1,1,1,1,98.56638033032826,98.56638033032826,0.0,98.56638033032826,98.56638033032826,81,4.0,4.0,0.0,4.0,4.0,81,1.189151244969506,1.189151244969506,0.310120392782727,0.5,2.1249519282679166,81,2.4709430354246154,2.4709430354246154,0.4998005942029465,0.8080306698682296,3.7602532406581446,81,0.8056996426005038,0.8041431732607716,0.0931551154289102,0.5145380159768163,1.0,81,1.0840527989705073,1.0751959818866281,0.3102090218596026,0.5,1.8316133841926443,81,9.716168451785517,8.642892835665673,3.7170054335915497,4.093216654439464,22.212840242633806,81,11.858866453168345,11.858866453168341,3.552713678800501e-15,11.858866453168341,11.858866453168341,81
granite_dense_p32_05,57,30,30.5,10.196695937505135,9.133487705540533,11.68887905684663,11.68887905684663,9.15887802404053,11.504863306998102,0.8982201764350607,-1.0378179134646057,-0.04661719374447315,0.9842571944706072,-0.18401574984852864,348,96.86622012778041,96.86622012778041,96.86622012778041,95.76646806930785,98.20901392441168,1.5714285714285714,11,96.86622012778041,2.3,97.72763310791008,23,5.0,P32_derived_Jv_proxy,98.5,96.86622012778041,-1.0997520584725606,1.3427937966312697,-2.733531930692152,-0.29098607558832157,1.0997520584725606,1.3427937966312697,2.733531930692152,0.29098607558832157,348,11,3,345,0.9913793103448276,0.008620689655172414,78.53981633974483,7.0,4.430873615678366,1.5714285714285714,1.5714285714285714,0.03819718634205488,4.392676429336311,0.3679350591707564,0.2677362172127108,0.10019884195804563,1,1,1,1,1,1,96.86622012778041,96.86622012778041,0.0,96.86622012778041,96.86622012778041,81,4.0,4.0,0.0,4.0,4.0,81,1.1996927651023306,1.1996927651023306,0.2993974007606724,0.5,2.3823453192926958,81,2.485475786534881,2.485475786534881,0.48294835007582015,1.0925663272944928,3.7195486508184405,81,0.8133236905771883,0.8219256217903097,0.09648548043687577,0.514780940865292,1.0,81,1.0096679254734195,1.0157515080738397,0.26678014344698847,0.5,1.7454823329804523,81,10.196695937505135,9.133487705540533,3.3174049671570627,4.947671714963296,19.258255061941217,81,11.68887905684663,11.68887905684663,0.0,11.68887905684663,11.68887905684663,81
granite_dense_p32_05,58,10,10.5,10.351800834574941,9.709944650241297,11.778190580145177,11.778190580145177,10.560119140269716,10.968357053880894,1.0201238711045322,0.2083183056947746,0.008652910262744395,0.9312429595400297,-0.8098335262642831,359,95.7902590497216,95.7902590497216,95.7902590497216,94.61141572273,94.74610541136488,3.142857142857143,22,95.7902590497216,2.8,96.74031890633287,28,5.0,P32_derived_Jv_proxy,98.5,95.7902590497216,-1.178843326991597,-1.0441536383567183,-3.888584277269999,-3.75389458863512,1.178843326991597,1.0441536383567183,3.888584277269999,3.75389458863512,359,22,9,350,0.9749303621169917,0.025069637883008356,78.53981633974483,7.0,4.570929965599234,3.142857142857143,3.142857142857143,0.11459155902616464,4.456338406573069,0.3573590853722318,0.33721435036605996,0.020144735006171866,1,1,1,1,1,1,95.7902590497216,95.7902590497216,0.0,95.7902590497216,95.7902590497216,81,4.0,4.0,0.0,4.0,4.0,81,1.2315829338773678,1.2315829338773678,0.306183045581558,0.5,2.1303721516848944,81,2.5040698627385236,2.5040698627385236,0.49114235515495763,1.3684763434997647,3.9713474986135626,81,0.7945642768717542,0.7908608889832331,0.10042331260478594,0.565290153295367,1.0,81,0.9864336966394676,0.9952123648700024,0.2767350535634709,0.5,1.5851328271450498,81,10.351800834574941,9.709944650241297,3.5119739496562166,5.018506407910591,21.274682072920722,81,11.778190580145177,11.778190580145177,0.0,11.778190580145177,11.778190580145177,81
granite_dense_p32_05,58,20,20.5,10.124623085307977,9.31210752749854,11.18617427622415,11.18617427622415,7.522563269727745,10.515701671518388,0.7429968707322915,-2.6020598155802324,-0.12901301534650433,0.9400623852132511,-0.670472604705763,412,92.74649759519606,92.74649759519606,92.74649759519606,90.34026565303502,95.85758246545265,3.0,21,92.74649759519606,3.8,94.3728744713051,38,5.0,P32_derived_Jv_proxy,98.5,92.74649759519606,-2.4062319421610425,3.1110848702565903,-8.159734346964981,-2.6424175345473486,2.4062319421610425,3.1110848702565903,8.159734346964981,2.6424175345473486,412,21,7,405,0.9830097087378641,0.01699029126213592,78.53981633974483,7.0,5.24574692430887,3.0,3.0,0.08912676813146139,5.156620156177409,0.3477980936004029,0.26657343097284647,0.08122466262755645,0,1,1,1,1,1,92.74649759519606,92.74649759519606,0.0,92.74649759519606,92.74649759519606,81,4.0,4.0,0.0,4.0,4.0,81,1.2016783468352399,1.2016783468352399,0.28464840040320366,0.5,2.0709596492379703,81,2.490830536715314,2.490830536715314,0.4800080186877375,1.187170153789775,3.9261912378981103,81,0.8139883949857611,0.8200378291660119,0.09967076970262026,0.4418658359336589,1.0,81,0.9742854931556376,0.9741720709796667,0.2638048489653771,0.5,1.6886986498735663,81,10.124623085307977,9.31210752749854,3.2547438233647523,4.484590247845307,18.666798674725825,81,11.18617427622415,11.18617427622415,0.0,11.18617427622415,11.18617427622415,81
granite_dense_p32_05,58,30,30.5,9.832364785475994,9.271330337018144,11.566764146394496,11.566764146394497,9.12569591495073,11.050403919415729,0.9281282899949839,-0.7066688705252631,-0.03239198952887856,0.9553582816729498,-0.516360226978767,385,97.41139128083812,97.41139128083812,97.41139128083812,96.13448719618779,94.96112023800727,3.142857142857143,22,97.41139128083812,2.7,96.94919578078034,27,5.0,P32_derived_Jv_proxy,98.5,97.41139128083812,-1.276904084650326,-2.450271042830849,-2.3655128038122086,-3.5388797619927317,1.276904084650326,2.450271042830849,2.3655128038122086,3.5388797619927317,385,22,9,376,0.9766233766233766,0.023376623376623377,78.53981633974483,7.0,4.901972247230376,3.142857142857143,3.142857142857143,0.11459155902616464,4.787380688204212,0.3444949774938538,0.29872988505630893,0.045765092437544896,1,1,1,1,1,1,97.41139128083812,97.41139128083812,0.0,97.41139128083812,97.41139128083812,81,4.0,4.0,0.0,4.0,4.0,81,1.1823264601807328,1.1823264601807328,0.2961991831001005,0.5,2.1436582336187215,81,2.489288792800668,2.489288792800668,0.4747091491284056,1.2195486998599232,3.816687464763569,81,0.7824229526264782,0.7733088624105505,0.0864842389868813,0.6256124130614316,0.9971396888583199,81,1.005426175052472,0.9797078229311897,0.3067216535272064,0.5,1.8057045676403,81,9.832364785475994,9.271330337018144,3.0637437736270976,5.109683261575185,18.541741681139637,81,11.566764146394496,11.566764146394497,1.7763568394002505e-15,11.566764146394497,11.566764146394497,81
granite_dense_p32_05,59,10,10.5,11.182765976598338,9.998621673758235,12.059006913896015,12.059006913896017,7.66312092824798,10.06558975888743,0.6852616735684394,-3.519645048350358,-0.16414355743286402,0.8346947498046875,-1.9934171550085846,354,96.54110048792892,96.54110048792892,96.54110048792892,89.0819615826438,91.36654194931585,4.571428571428571,32,96.54110048792892,2.9,96.52600021763493,29,5.0,P32_derived_Jv_proxy,98.5,96.54110048792892,-7.459138905285116,-5.17455853861307,-9.4180384173562,-7.133458050684155,7.459138905285116,5.17455853861307,9.4180384173562,7.133458050684155,354,32,9,345,0.9745762711864406,0.025423728813559324,78.53981633974483,7.0,4.507267988362476,4.571428571428571,4.571428571428571,0.11459155902616464,4.392676429336311,0.34287175331996,0.3218768229576925,0.020994930362267517,0,1,1,1,1,1,96.54110048792892,96.54110048792892,0.0,96.54110048792892,96.54110048792892,81,4.0,4.0,0.0,4.0,4.0,81,1.2383398255465647,1.2383398255465647,0.3079184059172415,0.5,2.0317147986858264,81,2.4784522139740384,2.4784522139740384,0.45303048685105535,1.0906526923524922,3.9359780133462356,81,0.8130405187327883,0.8123228055296912,0.09551365385189381,0.6032056496829452,1.0,81,0.9821721963761928,0.9944736755353183,0.319658413380919,0.5,1.7409281234417469,81,11.182765976598338,9.998621673758235,4.140078329063162,5.108293863154866,22.71751144022942,81,12.059006913896015,12.059006913896017,1.7763568394002505e-15,12.059006913896017,12.059006913896017,81
granite_dense_p32_05,59,20,20.5,10.037200816909639,8.80921308815297,11.017667597661882,11.017667597661882,10.937548531070735,11.53099636961393,1.089701076085305,0.9003477141610965,0.03730737976529297,1.0465914194090393,0.5133287719520485,380,95.46154793950103,95.46154793950103,95.46154793950103,96.61763592672287,94.25568485498873,3.2857142857142856,23,95.46154793950103,3.1,96.0815512653819,31,5.0,P32_derived_Jv_proxy,98.5,95.46154793950103,1.156087987221838,-1.205863084512302,-1.882364073277131,-4.244315145011271,1.156087987221838,1.205863084512302,1.882364073277131,4.244315145011271,380,23,8,372,0.9789473684210527,0.021052631578947368,78.53981633974483,7.0,4.8383102699936185,3.2857142857142856,3.2857142857142856,0.10185916357881301,4.736451106414806,0.3553644065556322,0.3199094840962392,0.03545492245939297,1,1,1,1,1,1,95.46154793950103,95.46154793950103,0.0,95.46154793950103,95.46154793950103,81,4.0,4.0,0.0,4.0,4.0,81,1.1611624449082936,1.1611624449082936,0.302923009567572,0.5,2.026304652543397,81,2.5151957848066817,2.5151957848066817,0.4926217741415459,1.0304641667794536,3.8767913948389436,81,0.8064984090047714,0.8063037614304853,0.09371386562571783,0.550097108216108,1.0,81,0.9662480803455146,0.9807074574874064,0.2731505887278854,0.5,1.6720256894770706,81,10.037200816909639,8.80921308815297,3.38219821791423,5.157667292851549,19.15075773934543,81,11.017667597661882,11.017667597661882,0.0,11.017667597661882,11.017667597661882,81
granite_dense_p32_05,59,30,30.5,10.696094332495026,9.51790507343533,11.663142114316242,11.663142114316242,7.3433130010761305,10.832804108130818,0.6865415330871705,-3.3527813314188952,-0.16333318450885526,0.9288066630718489,-0.8303380061854249,387,97.48751582106034,97.48751582106034,97.48751582106034,94.66545202166176,95.76374017029026,3.0,21,97.48751582106034,2.6,97.15249981124936,26,5.0,P32_derived_Jv_proxy,98.5,97.48751582106034,-2.8220637993985775,-1.7237756507700794,-3.834547978338236,-2.736259829709738,2.8220637993985775,1.7237756507700794,3.834547978338236,2.736259829709738,387,21,5,382,0.9870801033591732,0.012919896640826873,78.53981633974483,7.0,4.927437038125079,3.0,3.0,0.06366197723675814,4.8637750608883215,0.3581120734813773,0.3175893009577253,0.040522772523651995,0,1,1,1,1,1,97.48751582106034,97.48751582106034,0.0,97.48751582106034,97.48751582106034,81,4.0,4.0,0.0,4.0,4.0,81,1.1810107231043054,1.1810107231043054,0.30004231446293267,0.5,2.383622728610086,81,2.4678984536283055,2.4678984536283055,0.4775164545819817,1.0509216602747316,3.8301653933305597,81,0.7993147112641963,0.798097197100222,0.08490787298602626,0.6203742123666379,1.0,81,0.9583635068702538,0.9779088975229352,0.2744538001507033,0.5,1.5517615787428731,81,10.696094332495026,9.51790507343533,3.7828888766960738,5.242438632649174,21.198310865837794,81,11.663142114316242,11.663142114316242,0.0,11.663142114316242,11.663142114316242,81
