case_name,seed,face_x_idx,face_x_coord,borehole_name,Q_face_mean,Qp_face_mean,Q_bh_mean,Q_bh_median,Qp_bh_mean,Qp_bh_median,RQD_bh_mean,Jn_bh_mean,RQD_borehole_direct_mean,RQD_borehole_direct_median,RQD_borehole_hudson_mean,RQD_borehole_hudson_median,lambda_borehole_mean,borehole_n_intersections_sum,RQD_face_scanline,RQD_face_jv,RQD_face_conservative,lambda_face_scanline,face_scanline_n_intersections,Jv_face,Jv_method,Jr_bh_mean,Ja_bh_mean,Jw_bh_mean,SRF_bh_mean,Q_ratio_bh_to_face,Qp_ratio_bh_to_face,face_fracture_count,bh_fracture_count,common_fracture_count,missed_fracture_count,miss_ratio,detection_ratio,bh_window_length,bh_fracture_frequency,face_fracture_density,bh_union_fracture_frequency,common_fracture_density,missed_fracture_density,orientation_bias_bh,face_orientation_bias,orientation_bias_gap_to_face,Q_match_strict,Q_match_normal,Q_match_loose,Qp_match_strict,Qp_match_normal,Qp_match_loose
granite_medium,42,10,10.5,Center,15.85490196635796,18.32494518754669,15.898767088730368,13.15479824413932,17.33929271282378,17.599086823543363,97.49384993280182,4.0,97.49384993280182,100.0,98.72134854238526,98.24769036935783,1.2857142857142858,9,99.80581347465449,100.0,99.80581347465449,0.7,7,1.1,P32_derived_Jv_proxy,1.4660576031742303,2.070233803101225,0.8649277138228487,1.0250012572190166,1.0027666599557339,0.9462125280793342,83,9,2,81,0.9759036144578314,0.024096385542168676,7.0,1.2857142857142858,1.056788822130185,1.2857142857142858,0.025464790894703253,1.0313240312354817,0.22812414374527146,0.3784892694498654,0.15036512570459393,1,1,1,1,1,1
granite_medium,42,20,20.5,Center,16.593504546842244,19.05535984702837,17.76101131515152,12.45698888110836,17.185523843664438,18.75,100.0,4.0,100.0,100.0,99.73263770511745,99.53211598395555,0.5714285714285714,4,99.33084283939634,100.0,99.33084283939634,0.7,7,1.1,P32_derived_Jv_proxy,1.5036029414476721,2.240280103321118,0.8144351795766924,0.8926088927430118,1.070359264073089,0.9018734876499576,96,4,1,95,0.9895833333333334,0.010416666666666666,7.0,0.5714285714285714,1.2223099629457561,0.5714285714285714,0.012732395447351627,1.2095775674984046,0.34534867647256695,0.4426370459636666,0.09728836949109965,1,1,1,1,1,1
granite_medium,42,30,30.5,Center,15.901294156079395,18.758740716440883,15.738684787342853,13.871514241547716,19.807421632118974,18.75,99.65666607911649,4.0,99.65666607911649,100.0,99.33865723664779,100.0,0.7142857142857143,5,100.0,100.0,100.0,0.5,5,1.1,P32_derived_Jv_proxy,1.5962342856205836,2.0225997013074353,0.8106102889220763,1.1316567898661758,0.9897738280205091,1.0559035881741776,79,5,2,77,0.9746835443037974,0.02531645569620253,7.0,0.7142857142857143,1.0058592403407784,0.7142857142857143,0.025464790894703253,0.9803944494460752,0.33181415247139023,0.43542665885847054,0.1036125063870803,1,1,1,1,1,1
granite_medium,42,40,40.5,Center,16.220864772727207,18.69190658844327,17.73174077057093,16.751962378066768,22.07797318331259,23.28139196526908,100.0,4.0,100.0,100.0,99.73263770511747,99.53211598395555,0.5714285714285714,4,99.49889260002249,100.0,99.49889260002249,0.8,8,1.1,P32_derived_Jv_proxy,1.630406693072223,1.8573493020914944,0.8029491566057084,1.009873484150154,1.0931439857869982,1.1811514828007346,81,4,1,80,0.9876543209876543,0.012345679012345678,7.0,0.5714285714285714,1.0313240312354817,0.5714285714285714,0.012732395447351627,1.0185916357881302,0.15106341993919303,0.4313885501351056,0.28032513019591254,1,1,1,1,1,1
granite_medium,42,50,50.5,Center,16.328319054170283,18.220577561813574,18.635773145381275,16.747083680331578,19.598832030177675,18.75,100.0,4.0,100.0,100.0,99.18216958457558,99.53211598395555,1.0,7,99.53233938012305,100.0,99.53233938012305,1.0,10,1.1,P32_derived_Jv_proxy,1.6158422750057877,2.0988508286698635,0.801914337164499,0.8985959531084314,1.1413160830307063,1.0756427431396371,113,7,2,111,0.9823008849557522,0.017699115044247787,7.0,1.0,1.4387606855507338,1.0,0.025464790894703253,1.4132958946560306,0.2675838633570209,0.4575846304650084,0.19000076710798752,1,1,1,1,1,1
granite_medium,42,60,60.5,Center,16.720063952220798,18.525773522924762,13.775429107866106,12.93961485828967,16.236342152837828,18.75,100.0,4.0,100.0,100.0,99.73263770511745,99.53211598395555,0.5714285714285714,4,100.0,100.0,100.0,0.2,2,1.1,P32_derived_Jv_proxy,1.3591562055425541,2.1542991355046723,0.809268819463607,0.969510772207947,0.8238861494328448,0.8764191213255483,91,4,1,90,0.989010989010989,0.01098901098901099,7.0,0.5714285714285714,1.158647985708998,0.5714285714285714,0.012732395447351627,1.1459155902616465,0.2971308110849692,0.3950287042595285,0.09789789317455933,1,1,1,1,1,1
granite_medium,42,70,70.5,Center,16.823554727303453,19.21409235253225,15.934761300785606,14.22045954753075,20.196508123339406,18.75,99.24407736843182,4.0,99.24407736843182,100.0,99.73263770511745,99.53211598395555,0.5714285714285714,4,100.0,100.0,100.0,0.8,8,1.1,P32_derived_Jv_proxy,1.6101462894742917,2.0221542678211515,0.7891648501805587,1.0533063114087906,0.9471697009981251,1.0511299598639474,93,4,1,92,0.989247311827957,0.010752688172043012,7.0,0.5714285714285714,1.1841127766037014,0.5714285714285714,0.012732395447351627,1.1713803811563497,0.25718349932991724,0.45241620042964337,0.19523270109972612,1,1,1,1,1,1
granite_medium,42,80,80.5,Center,17.27379320742413,19.401784874809458,16.333966393991908,12.218084445117178,18.697020919581778,18.75,97.65080672843295,4.0,97.65080672843295,100.0,99.43249953181018,100.0,0.7142857142857143,5,100.0,100.0,100.0,0.8,8,1.1,P32_derived_Jv_proxy,1.5083156540386697,2.0125993374963005,0.7952730469422277,1.030404587958243,0.9455923315656984,0.9636753030829283,106,5,3,103,0.9716981132075472,0.02830188679245283,7.0,0.7142857142857143,1.3496339174192724,0.7142857142857143,0.03819718634205488,1.3114367310772175,0.12246168570931881,0.43881671190415417,0.31635502619483535,1,1,1,1,1,1
granite_medium,43,10,10.5,Center,16.40811899837793,19.195903885347843,25.77598588014184,20.99460766790626,26.512434897215872,19.70843414509383,99.48123782139201,4.0,99.48123782139201,100.0,99.48230775788285,99.53211598395555,0.8571428571428571,6,100.0,100.0,100.0,0.7,7,1.1,P32_derived_Jv_proxy,1.6480503488510536,1.739105572076357,0.827807401415175,0.9191948836702305,1.5709287507416296,1.3811506379469167,91,6,1,90,0.989010989010989,0.01098901098901099,7.0,0.8571428571428571,1.158647985708998,0.8571428571428571,0.012732395447351627,1.1459155902616465,0.3246292910597991,0.456186033576923,0.1315567425171239,0,0,1,0,1,1
granite_medium,43,20,20.5,Center,14.394844890456678,17.666079365734483,14.500915589729315,13.093987441231793,17.329843970755945,18.75,97.54220950972687,4.0,97.54220950972687,100.0,98.6943468209435,100.0,1.1428571428571428,8,100.0,100.0,100.0,0.4,4,1.1,P32_derived_Jv_proxy,1.4449546828134687,2.038018672738061,0.7890776707083306,1.0851433198448603,1.0073686587163546,0.9809671751146604,92,8,2,90,0.9782608695652174,0.021739130434782608,7.0,1.1428571428571428,1.1713803811563497,1.1428571428571428,0.025464790894703253,1.1459155902616465,0.2700885880867332,0.415210700500774,0.14512211241404083,1,1,1,1,1,1
granite_medium,43,30,30.5,Center,17.42108503331932,19.178903037915426,16.590180465987974,14.350722448845728,19.990321230127652,18.75,100.0,4.0,100.0,100.0,99.61598890532413,100.0,0.5714285714285714,4,100.0,100.0,100.0,0.6,6,1.1,P32_derived_Jv_proxy,1.4814915871150987,1.859589162677273,0.8383740476761583,1.0724530384979736,0.9523046603732105,1.0423078520501463,90,4,0,90,1.0,0.0,7.0,0.5714285714285714,1.1459155902616465,0.5714285714285714,0.0,1.1459155902616465,0.27124859152044556,0.44675530795999197,0.1755067164395464,1,1,1,1,1,1
granite_medium,43,40,40.5,Center,15.508935686237077,17.68080628473996,19.763872351691862,18.909585018840875,20.930098721468234,18.75,100.0,4.0,100.0,100.0,99.61598890532414,100.0,0.5714285714285714,4,100.0,100.0,100.0,0.5,5,1.1,P32_derived_Jv_proxy,1.5364236789178587,1.8759817436701933,0.7856906643525142,0.8820310167710481,1.2743538790499143,1.1837751279212132,79,4,1,78,0.9873417721518988,0.012658227848101266,7.0,0.5714285714285714,1.0058592403407784,0.5714285714285714,0.012732395447351627,0.9931268448934268,0.31046395112433556,0.3709669788353337,0.060503027710998136,0,1,1,1,1,1
granite_medium,43,50,50.5,Center,16.257660516160747,17.91166390215165,11.215978385405334,11.588071361090169,17.027193921644503,18.75,98.76777267396757,4.0,98.76777267396757,100.0,99.61598890532413,100.0,0.5714285714285714,4,99.44344320385842,100.0,99.44344320385842,0.8,8,1.1,P32_derived_Jv_proxy,1.4484934281045614,2.120673927903039,0.7784083817602602,1.2086533050017532,0.6898888295924382,0.9506204456861823,100,4,0,100,1.0,0.0,7.0,0.5714285714285714,1.2732395447351628,0.5714285714285714,0.0,1.2732395447351628,0.3173978736970303,0.48746239397895497,0.17006452028192465,0,1,1,1,1,1
granite_medium,43,60,60.5,Center,17.024728928789973,19.058161021851053,19.60062965368898,22.576173861132045,19.292579441983438,18.75,98.76439710103526,4.0,98.76439710103526,100.0,99.73263770511747,99.53211598395555,0.5714285714285714,4,99.02838152013894,100.0,99.02838152013894,0.5,5,1.1,P32_derived_Jv_proxy,1.6450666616351908,2.10061908591048,0.8508582893264387,0.9549100123832966,1.1513034795251855,1.0123001594888204,88,4,2,86,0.9772727272727273,0.022727272727272728,7.0,0.5714285714285714,1.1204507993669433,0.5714285714285714,0.025464790894703253,1.0949860084722398,0.3634189440384239,0.4664541897391259,0.103035245700702,1,1,1,1,1,1
granite_medium,43,70,70.5,Center,16.606832216825303,17.972828863693277,14.918209508637545,14.897273964698678,18.75,18.75,100.0,4.0,100.0,100.0,100.0,100.0,0.0,0,100.0,100.0,100.0,0.5,5,1.1,P32_derived_Jv_proxy,1.5,2.0,0.7749456858026204,1.0076854579923347,0.8983175908481257,1.0432414475317615,88,0,0,88,1.0,0.0,7.0,0.0,1.1204507993669433,0.0,0.0,1.1204507993669433,0.0,0.4535217171365825,0.4535217171365825,1,1,1,1,1,1
granite_medium,43,80,80.5,Center,15.19007245959979,18.16098742364661,14.153324421819798,14.44229735032001,18.58873383125126,18.75,99.57258766783505,4.0,99.57258766783505,100.0,99.47233838408904,100.0,0.42857142857142855,3,99.53230597915568,100.0,99.53230597915568,0.8,8,1.1,P32_derived_Jv_proxy,1.5008322265257992,2.01035324202783,0.8395264312951187,1.1215749446431096,0.931748315188267,1.0235530369371713,92,3,3,89,0.967391304347826,0.03260869565217391,7.0,0.42857142857142855,1.1713803811563497,0.42857142857142855,0.03819718634205488,1.1331831948142947,0.24594179077863065,0.46024615875693153,0.21430436797830088,1,1,1,1,1,1
granite_medium,44,10,10.5,Center,15.438464517528782,18.256778006281717,15.572455320171503,13.921447608316065,19.027623599401185,18.75,100.0,4.0,100.0,100.0,99.4993401055308,100.0,0.5714285714285714,4,100.0,100.0,100.0,0.6,6,1.1,P32_derived_Jv_proxy,1.5195229569468176,1.997073323731008,0.8483109548948455,1.1003461032592246,1.0086790239074999,1.0422224333808647,82,4,2,80,0.975609756097561,0.024390243902439025,7.0,0.5714285714285714,1.0440564266828334,0.5714285714285714,0.025464790894703253,1.0185916357881302,0.2924448120504213,0.4364478081718688,0.1440029961214475,1,1,1,1,1,1
granite_medium,44,20,20.5,Center,16.29555954952794,18.764415967264338,15.081129642507483,13.639748165362832,16.58394968228782,16.357797362854683,98.49382298031935,4.0,98.49382298031935,100.0,99.48230775788286,99.53211598395555,0.8571428571428571,6,100.0,100.0,100.0,0.8,8,1.1,P32_derived_Jv_proxy,1.4705382016694972,2.212211096731969,0.8154263785742245,0.9564629750765266,0.9254747955521639,0.8837978070417714,91,6,0,91,1.0,0.0,7.0,0.8571428571428571,1.158647985708998,0.8571428571428571,0.0,1.158647985708998,0.4223905713036106,0.41360978841316076,-0.008780782890449812,1,1,1,1,1,1
granite_medium,44,30,30.5,Center,16.967238242925422,18.31672031427677,21.19584890934279,20.798138480953654,22.017604279287088,18.75,98.7079890089641,4.0,98.7079890089641,100.0,99.27181666292714,99.53211598395555,0.8571428571428571,6,100.0,100.0,100.0,0.5,5,1.1,P32_derived_Jv_proxy,1.4438742888687244,1.7303575563563858,0.791955200100956,0.9533002678104114,1.249222095303607,1.2020494882004453,82,6,2,80,0.975609756097561,0.024390243902439025,7.0,0.8571428571428571,1.0440564266828334,0.8571428571428571,0.025464790894703253,1.0185916357881302,0.25073257725110576,0.4394154271414282,0.18868284989032247,1,1,1,1,1,1
granite_medium,44,40,40.5,Center,14.597860602285422,18.124581248204155,17.656708544175167,18.452632539963027,16.212811341366358,18.75,100.0,4.0,100.0,100.0,99.79947827883811,100.0,0.42857142857142855,3,100.0,100.0,100.0,0.4,4,1.1,P32_derived_Jv_proxy,1.3528764760989787,2.1076023598670375,0.829537533192663,0.8836437821206415,1.2095408378821522,0.894520602674491,91,3,2,89,0.978021978021978,0.02197802197802198,7.0,0.42857142857142855,1.158647985708998,0.42857142857142855,0.025464790894703253,1.1331831948142947,0.047917246738736985,0.40962392861140107,0.3617066818726641,1,1,1,1,1,1
granite_medium,44,50,50.5,Center,16.255853994633192,18.126694137293843,17.078105533519754,17.202705775379496,17.42153493605243,18.75,99.92427665459093,4.0,99.92427665459093,100.0,99.61598890532413,100.0,0.5714285714285714,4,100.0,100.0,100.0,0.6,6,1.1,P32_derived_Jv_proxy,1.4553112200259524,2.1100511318195765,0.7697078113663637,0.9260694567894662,1.050581872792289,0.9610983008870538,85,4,1,84,0.9882352941176471,0.011764705882352941,7.0,0.5714285714285714,1.0822536130248883,0.5714285714285714,0.012732395447351627,1.0695212175775366,0.3448907011892661,0.41402425130636455,0.06913355011709843,1,1,1,1,1,1
granite_medium,44,60,60.5,Center,17.343449196412358,19.225111639246624,16.989957721630105,15.616407816399162,17.502936902123782,18.75,99.0776985242205,4.0,99.0776985242205,100.0,99.61598890532413,100.0,0.5714285714285714,4,99.15147338152615,100.0,99.15147338152615,0.8,8,1.1,P32_derived_Jv_proxy,1.4182977094869784,2.0051425445548268,0.8511528515432198,0.9840976108986137,0.9796181560669388,0.9104205598677955,100,4,1,99,0.99,0.01,7.0,0.5714285714285714,1.2732395447351628,0.5714285714285714,0.012732395447351627,1.260507149287811,0.4343399116715816,0.4904693082234822,0.056129396551900634,1,1,1,1,1,1
granite_medium,44,70,70.5,Center,15.093069871210034,17.736034944462336,15.915239053950355,15.092335235587743,16.637521332047378,18.75,98.91606151113557,4.0,98.91606151113557,100.0,99.61598890532413,100.0,0.5714285714285714,4,100.0,100.0,100.0,0.3,3,1.1,P32_derived_Jv_proxy,1.459343291071535,2.2140396314648547,0.7668665709854164,0.863812102052383,1.0544732907059953,0.9380631795181513,88,4,0,88,1.0,0.0,7.0,0.5714285714285714,1.1204507993669433,0.5714285714285714,0.0,1.1204507993669433,0.21233415951689472,0.46268483295936746,0.25035067344247275,1,1,1,1,1,1
granite_medium,44,80,80.5,Center,17.172754686850602,19.315784639933998,19.78533508849463,19.72612965377421,19.923584632851924,18.75,100.0,4.0,100.0,100.0,99.68282947904478,100.0,0.42857142857142855,3,100.0,100.0,100.0,0.9,9,1.1,P32_derived_Jv_proxy,1.52416416261203,1.9506382382423804,0.8304130042641316,0.9368095717233638,1.1521351960873532,1.0314664925214243,80,3,2,78,0.975,0.025,7.0,0.42857142857142855,1.0185916357881302,0.42857142857142855,0.025464790894703253,0.9931268448934268,0.25907584910972237,0.44209485864316067,0.1830190095334383,1,1,1,1,1,1
granite_medium,45,10,10.5,Center,16.166856373245032,17.992672691761587,20.80979058087842,22.275350503573588,21.982009249353172,20.78775325827045,100.0,4.0,100.0,100.0,99.48230775788286,99.53211598395555,0.8571428571428571,6,100.0,100.0,100.0,0.5,5,1.1,P32_derived_Jv_proxy,1.596920918004436,1.8892303138516833,0.8496590157020523,0.9735714875435414,1.2871884366658384,1.2217200649361117,81,6,2,79,0.9753086419753086,0.024691358024691357,7.0,0.8571428571428571,1.0313240312354817,0.8571428571428571,0.025464790894703253,1.0058592403407784,0.500310478364453,0.40133683582779556,-0.09897364253665741,0,1,1,1,1,1
granite_medium,45,20,20.5,Center,15.24552617693482,17.64439067742148,14.306956750123614,14.204370527744008,18.400362907390818,18.75,100.0,4.0,100.0,100.0,99.79947827883811,100.0,0.42857142857142855,3,99.30590282278126,100.0,99.30590282278126,0.6,6,1.1,P32_derived_Jv_proxy,1.4865040278911397,2.0186354819346763,0.7864071955653008,1.0218526797357737,0.938436403183566,1.0428449042979258,86,3,0,86,1.0,0.0,7.0,0.42857142857142855,1.0949860084722398,0.42857142857142855,0.0,1.0949860084722398,0.19444689612897526,0.41019622669528477,0.21574933056630952,1,1,1,1,1,1
granite_medium,45,30,30.5,Center,15.251754967297211,17.649365718372366,15.860066924912875,14.543063292495935,18.380188849050235,18.75,97.20813421439131,4.0,97.20813421439131,100.0,99.27181666292714,99.53211598395555,0.8571428571428571,6,100.0,100.0,100.0,0.5,5,1.1,P32_derived_Jv_proxy,1.4349257823922856,1.907648258772617,0.8142440752357023,1.0056215446230223,1.039884718769742,1.0414078977306878,84,6,1,83,0.9880952380952381,0.011904761904761904,7.0,0.8571428571428571,1.0695212175775366,0.8571428571428571,0.012732395447351627,1.056788822130185,0.5061112900989932,0.4423180576339174,-0.06379323246507584,1,1,1,1,1,1
granite_medium,45,40,40.5,Center,15.757929306813352,18.777318196856417,16.22937258164697,16.85844473192408,18.603463836852324,18.75,100.0,4.0,100.0,100.0,99.93315942627937,100.0,0.14285714285714285,1,100.0,100.0,100.0,0.6,6,1.1,P32_derived_Jv_proxy,1.532261554694992,2.062039938987643,0.8311185198537709,0.9644582360670817,1.0299178442582413,0.9907412571815927,100,1,1,99,0.99,0.01,7.0,0.14285714285714285,1.2732395447351628,0.14285714285714285,0.012732395447351627,1.260507149287811,0.1380090357396646,0.4660521845207598,0.3280431487810952,1,1,1,1,1,1
granite_medium,45,50,50.5,Center,16.049164186628563,18.7120948781895,13.985403394303207,15.111563294154841,19.64278016577157,18.75,99.94610005194507,4.0,99.94610005194507,100.0,99.48230775788286,99.53211598395555,0.8571428571428571,6,99.19309871810268,100.0,99.19309871810268,0.4,4,1.1,P32_derived_Jv_proxy,1.5985774717699424,2.0589321222933172,0.732466821971432,1.1089999404300668,0.8714100766664978,1.049737097510491,84,6,0,84,1.0,0.0,7.0,0.8571428571428571,1.0695212175775366,0.8571428571428571,0.0,1.0695212175775366,0.3551247461923531,0.4366082807849845,0.08148353459263136,1,1,1,1,1,1
granite_medium,45,60,60.5,Center,17.043000157963277,19.578410032800374,19.043459781120976,21.497191502359986,17.491741749340278,18.75,100.0,4.0,100.0,100.0,99.86631885255873,100.0,0.2857142857142857,2,99.16182781198654,100.0,99.16182781198654,1.0,10,1.1,P32_derived_Jv_proxy,1.3736397325157879,1.9558622098642378,0.8574356988982988,0.8192791170080463,1.1173771991208363,0.8934199314467196,78,2,1,77,0.9871794871794872,0.01282051282051282,7.0,0.2857142857142857,0.9931268448934268,0.2857142857142857,0.012732395447351627,0.9803944494460752,0.15663481701079873,0.4282765907464695,0.2716417737356708,1,1,1,1,1,1
granite_medium,45,70,70.5,Center,15.198158892349753,17.21736943235012,20.58110297749743,21.789030662472125,19.711822146316926,18.75,100.0,4.0,100.0,100.0,99.86631885255873,100.0,0.2857142857142857,2,99.3074180907299,100.0,99.3074180907299,0.5,5,1.1,P32_derived_Jv_proxy,1.4852182209360199,1.9062986498115575,0.8045821584856107,0.8242635686462363,1.3541839589436897,1.1448800133939112,84,2,2,82,0.9761904761904762,0.023809523809523808,7.0,0.2857142857142857,1.0695212175775366,0.2857142857142857,0.025464790894703253,1.0440564266828334,0.25084784016699124,0.4053943572868778,0.15454651711988654,0,1,1,1,1,1
granite_medium,45,80,80.5,Center,16.533439826049246,19.142297722644063,17.377895706721652,13.84106594355702,18.09022673837141,18.75,100.0,4.0,100.0,100.0,99.93315942627937,100.0,0.14285714285714285,1,99.69557720870885,100.0,99.69557720870885,0.5,5,1.1,P32_derived_Jv_proxy,1.4258921972322387,1.9622725643216143,0.8794268317203574,1.0450010233410612,1.051075631541715,0.9450394618495499,95,1,0,95,1.0,0.0,7.0,0.14285714285714285,1.2095775674984046,0.14285714285714285,0.0,1.2095775674984046,0.38035129147902713,0.4214320607554347,0.04108076927640758,1,1,1,1,1,1
granite_medium,46,10,10.5,Center,16.388352859155322,18.478204451811575,16.280484775485128,11.172553750248523,18.5998291618601,18.75,100.0,4.0,100.0,100.0,99.86631885255873,100.0,0.2857142857142857,2,99.90422402608928,100.0,99.90422402608928,0.5,5,1.1,P32_derived_Jv_proxy,1.5279786774947604,2.0916929560043793,0.7666835362820142,1.0016884208196255,0.9934180033468138,1.0065820632283675,79,2,0,79,1.0,0.0,7.0,0.2857142857142857,1.0058592403407784,0.2857142857142857,0.0,1.0058592403407784,0.3809140210625529,0.40240720066221336,0.02149317959966046,1,1,1,1,1,1
granite_medium,46,20,20.5,Center,16.24625999668389,18.59509696518894,18.168078392943674,17.668523704452312,18.27333033921638,18.75,98.97895969303967,4.0,98.97895969303967,100.0,99.24901015829622,100.0,0.8571428571428571,6,100.0,100.0,100.0,0.5,5,1.1,P32_derived_Jv_proxy,1.5766345987328596,2.18149221881476,0.8286035153117532,0.854765021161679,1.1182929730690052,0.9826961576712977,87,6,1,86,0.9885057471264368,0.011494252873563218,7.0,0.8571428571428571,1.1077184039195915,0.8571428571428571,0.012732395447351627,1.0949860084722398,0.32887918164370655,0.44176492360293307,0.11288574195922652,1,1,1,1,1,1
granite_medium,46,30,30.5,Center,15.510777907006204,18.432700948684833,16.2520363163742,17.80896528181801,18.360076854056086,18.75,100.0,4.0,100.0,100.0,99.93315942627937,100.0,0.14285714285714285,1,100.0,100.0,100.0,0.7,7,1.1,P32_derived_Jv_proxy,1.521588418790401,2.082366569925903,0.7972617615452214,0.9612002372652427,1.047789892538734,0.9960600405317199,76,1,0,76,1.0,0.0,7.0,0.14285714285714285,0.9676620539987236,0.14285714285714285,0.0,0.9676620539987236,0.4174501147046167,0.46500332410637235,0.04755320940175567,1,1,1,1,1,1
granite_medium,46,40,40.5,Center,17.182110721718477,19.187314644545786,15.532755452060906,17.255357649611312,19.214463863053368,18.75,99.16230250135622,4.0,99.16230250135622,100.0,99.86631885255873,100.0,0.2857142857142857,2,100.0,100.0,100.0,0.5,5,1.1,P32_derived_Jv_proxy,1.606862096729209,2.1176434890417406,0.7696400750471136,0.9967815167135692,0.9040074123388835,1.0014149566528998,95,2,0,95,1.0,0.0,7.0,0.2857142857142857,1.2095775674984046,0.2857142857142857,0.0,1.2095775674984046,0.18042751874482876,0.42355174705917453,0.24312422831434577,1,1,1,1,1,1
granite_medium,46,50,50.5,Center,17.139706181596363,20.455744096634334,17.460904403858088,15.960906096909321,19.638354062500557,18.75,99.86162022856986,4.0,99.86162022856986,100.0,99.68282947904477,100.0,0.42857142857142855,3,100.0,100.0,100.0,0.5,5,1.1,P32_derived_Jv_proxy,1.4498741350072655,1.8573201711981693,0.8183637498045371,0.9877254382166475,1.0187400074924626,0.9600410510479418,84,3,1,83,0.9880952380952381,0.011904761904761904,7.0,0.42857142857142855,1.0695212175775366,0.42857142857142855,0.012732395447351627,1.056788822130185,0.4334181286533153,0.445357187711067,0.011939059057751722,1,1,1,1,1,1
granite_medium,46,60,60.5,Center,16.066122986352994,19.07683848643683,15.924504968774656,17.368997343008587,19.51836150829854,18.75,98.49806927641704,4.0,98.49806927641704,100.0,99.43249953181018,100.0,0.7142857142857143,5,100.0,100.0,100.0,0.2,2,1.1,P32_derived_Jv_proxy,1.4245105747579159,1.8682054206332606,0.787488661642069,1.0035980915157732,0.991185302284899,1.0231444545790762,96,5,1,95,0.9895833333333334,0.010416666666666666,7.0,0.7142857142857143,1.2223099629457561,0.7142857142857143,0.012732395447351627,1.2095775674984046,0.4013540199056044,0.4306010622553398,0.029247042349735408,1,1,1,1,1,1
granite_medium,46,70,70.5,Center,15.90190523798659,17.94394821677816,17.11960457086194,15.644438797965025,19.793662644105655,18.75,99.22526752528309,4.0,99.22526752528309,100.0,99.66579713139683,99.53211598395555,0.7142857142857143,5,100.0,100.0,100.0,0.3,3,1.1,P32_derived_Jv_proxy,1.6382591833074298,2.0916638730384367,0.7146177002593118,0.9068532265413864,1.076575687922382,1.103082911574497,75,5,2,73,0.9733333333333334,0.02666666666666667,7.0,0.7142857142857143,0.954929658551372,0.7142857142857143,0.025464790894703253,0.9294648676566688,0.31768449648876473,0.46722341654533517,0.14953892005657043,1,1,1,1,1,1
granite_medium,46,80,80.5,Center,17.316171086612542,20.034819290060426,18.964159267854605,13.414392886853099,18.75,18.75,100.0,4.0,100.0,100.0,100.0,100.0,0.0,0,100.0,100.0,100.0,0.5,5,1.1,P32_derived_Jv_proxy,1.5,2.0,0.7375062092815164,0.8095538025499626,1.095170472328964,0.9358706823625884,83,0,0,83,1.0,0.0,7.0,0.0,1.056788822130185,0.0,0.0,1.056788822130185,0.0,0.3999879350890414,0.3999879350890414,1,1,1,1,1,1
granite_medium,47,10,10.5,Center,15.154766806375454,16.960776039354954,13.190520604707716,14.220599871170661,17.037217799741402,18.75,99.2458053082421,4.0,99.2458053082421,100.0,99.79947827883811,100.0,0.42857142857142855,3,100.0,100.0,100.0,0.1,1,1.1,P32_derived_Jv_proxy,1.4798491477783782,2.2142695279515077,0.8315322117238769,1.1340326726109884,0.8703875667132404,1.0045069730423346,78,3,1,77,0.9871794871794872,0.01282051282051282,7.0,0.42857142857142855,0.9931268448934268,0.42857142857142855,0.012732395447351627,0.9803944494460752,0.2870922406352707,0.4513402560128966,0.1642480153776259,1,1,1,1,1,1
granite_medium,47,20,20.5,Center,15.10742749570059,18.67082640848608,18.449853086615295,17.15050055919188,22.335793267869978,18.75,99.70778416655995,4.0,99.70778416655995,100.0,99.36565895808953,99.53211598395555,0.8571428571428571,6,100.0,100.0,100.0,0.6,6,1.1,P32_derived_Jv_proxy,1.5821221189112245,1.842777664665345,0.819203616474043,1.099955981099678,1.2212438611316139,1.1962937675708953,108,6,0,108,1.0,0.0,7.0,0.8571428571428571,1.3750987083139756,0.8571428571428571,0.0,1.3750987083139756,0.25929451818224214,0.434575697262212,0.17528117907996987,1,1,1,1,1,1
granite_medium,47,30,30.5,Center,16.124857825569258,18.523311728728174,16.225005220589473,11.15812481179304,18.899980749558058,18.75,99.54118934987477,4.0,99.54118934987477,100.0,99.43249953181018,100.0,0.7142857142857143,5,100.0,100.0,100.0,0.1,1,1.1,P32_derived_Jv_proxy,1.5209566586833485,2.0570589011152083,0.7184833609217793,0.9753002153924862,1.006210745924309,1.0203348637838718,93,5,3,90,0.967741935483871,0.03225806451612903,7.0,0.7142857142857143,1.1841127766037014,0.7142857142857143,0.03819718634205488,1.1459155902616465,0.2536368354377446,0.46368446230198335,0.21004762686423872,1,1,1,1,1,1
granite_medium,47,40,40.5,Center,17.024584412144215,19.274172821965184,17.26261143432454,13.1661078128169,18.46359050745985,18.75,99.89189885801385,4.0,99.89189885801385,100.0,99.27181666292714,99.53211598395555,0.8571428571428571,6,100.0,100.0,100.0,0.8,8,1.1,P32_derived_Jv_proxy,1.4572247561993739,2.019728671899862,0.8291184761673813,1.040244918896443,1.0139813704944558,0.957944638040104,116,6,2,114,0.9827586206896551,0.017241379310344827,7.0,0.8571428571428571,1.4769578718927887,0.8571428571428571,0.025464790894703253,1.4514930809980855,0.29694914326012,0.42903073135552616,0.13208158809540615,1,1,1,1,1,1
granite_medium,47,50,50.5,Center,17.356050976669536,19.90539856299414,19.774378045362372,16.18066559505942,18.784878143884676,18.75,98.97729192000845,4.0,98.97729192000845,100.0,99.68282947904478,100.0,0.42857142857142855,3,100.0,100.0,100.0,0.3,3,1.1,P32_derived_Jv_proxy,1.5700195454063033,2.088417196983437,0.8667482388836127,0.9429325330905892,1.1393362506219655,0.9437077124799396,86,3,2,84,0.9767441860465116,0.023255813953488372,7.0,0.42857142857142855,1.0949860084722398,0.42857142857142855,0.025464790894703253,1.0695212175775366,0.30228723472735775,0.38924192596813767,0.08695469124077992,1,1,1,1,1,1
granite_medium,47,60,60.5,Center,16.745503497872406,19.296727844076646,13.390119585676738,13.273683604256053,18.663236776362258,18.75,100.0,4.0,100.0,100.0,99.33865723664779,100.0,0.7142857142857143,5,100.0,100.0,100.0,0.7,7,1.1,P32_derived_Jv_proxy,1.4880857406989079,2.000683589328703,0.8118322372390778,1.2371106640207947,0.7996247821021335,0.9671710627401088,100,5,1,99,0.99,0.01,7.0,0.7142857142857143,1.2732395447351628,0.7142857142857143,0.012732395447351627,1.260507149287811,0.3398085128066173,0.36854536903026225,0.02873685622364497,0,1,1,1,1,1
granite_medium,47,70,70.5,Center,14.596646905560537,17.714676493415194,18.84859969628499,12.33269170556166,19.770927411955736,18.75,98.89543517817005,4.0,98.89543517817005,100.0,99.61598890532413,100.0,0.5714285714285714,4,99.54077731487267,100.0,99.54077731487267,1.0,10,1.1,P32_derived_Jv_proxy,1.5072705329388634,1.969432233038513,0.8361728848092417,1.0720236138734187,1.2912965435304657,1.116076120233123,103,4,2,101,0.9805825242718447,0.019417475728155338,7.0,0.5714285714285714,1.3114367310772175,0.5714285714285714,0.025464790894703253,1.2859719401825143,0.32141734763493623,0.45799474432587284,0.1365773966909366,0,1,1,1,1,1
granite_medium,47,80,80.5,Center,15.04497662036511,17.96050118280334,14.16472544306971,13.19776480312975,17.734500667098118,18.75,98.99428501591248,4.0,98.99428501591248,100.0,99.33865723664778,100.0,0.7142857142857143,5,100.0,100.0,100.0,0.6,6,1.1,P32_derived_Jv_proxy,1.4890527821072426,2.0970327030239972,0.8277898581244975,1.1237058604924062,0.9414920209245204,0.9874168034953494,94,5,3,91,0.9680851063829787,0.031914893617021274,7.0,0.7142857142857143,1.196845172051053,0.7142857142857143,0.03819718634205488,1.158647985708998,0.27549458179927755,0.4353862099713244,0.15989162817204683,1,1,1,1,1,1
granite_medium,48,10,10.5,Center,15.13445956318009,17.978363300127143,17.308185792243737,16.432632086846098,18.846425648479233,18.75,98.27177617079268,4.0,98.27177617079268,100.0,99.7994782788381,100.0,0.42857142857142855,3,100.0,100.0,100.0,0.7,7,1.1,P32_derived_Jv_proxy,1.5086127374928526,1.97629065370446,0.8248837140900633,0.9522725464488841,1.1436276082399401,1.048283724934291,80,3,0,80,1.0,0.0,7.0,0.42857142857142855,1.0185916357881302,0.42857142857142855,0.0,1.0185916357881302,0.3235615812040503,0.4531302173268781,0.12956863612282776,1,1,1,1,1,1
granite_medium,48,20,20.5,Center,16.250758461508227,18.52425017663129,14.403481061133476,12.535973619709134,17.092407343062103,18.75,97.81603911845768,4.0,97.81603911845768,100.0,99.5491483316035,99.53211598395555,0.7142857142857143,5,100.0,100.0,100.0,0.6,6,1.1,P32_derived_Jv_proxy,1.515874709467716,2.178987893189645,0.7998423713662136,1.0167205954901573,0.8863266963969566,0.9227044107094016,105,5,1,104,0.9904761904761905,0.009523809523809525,7.0,0.7142857142857143,1.336901521971921,0.7142857142857143,0.012732395447351627,1.3241691265245692,0.3234397961006882,0.3975520602985071,0.07411226419781891,1,1,1,1,1,1
granite_medium,48,30,30.5,Center,16.19968588627847,18.544505910246013,14.690743511015652,13.764694127356483,18.02109886645351,18.75,100.0,4.0,100.0,100.0,99.93315942627937,100.0,0.14285714285714285,1,100.0,100.0,100.0,0.6,6,1.1,P32_derived_Jv_proxy,1.4329542163467555,1.984001520316003,0.8048841485889537,1.0703939749864075,0.9068536028503535,0.9717756274378108,90,1,0,90,1.0,0.0,7.0,0.14285714285714285,1.1459155902616465,0.14285714285714285,0.0,1.1459155902616465,0.407382760465153,0.34471833130795526,-0.06266442915719772,1,1,1,1,1,1
granite_medium,48,40,40.5,Center,16.622543289076788,19.295146336876833,17.421433633055702,17.712308766788595,18.029261298773374,18.75,98.68629770706943,4.0,98.68629770706943,100.0,99.61598890532413,100.0,0.5714285714285714,4,100.0,100.0,100.0,0.2,2,1.1,P32_derived_Jv_proxy,1.5063106052409785,2.063743104232858,0.7875583548730196,0.9418390975530702,1.0480606565485013,0.9343936026189082,88,4,1,87,0.9886363636363636,0.011363636363636364,7.0,0.5714285714285714,1.1204507993669433,0.5714285714285714,0.012732395447351627,1.1077184039195915,0.22088812116765533,0.4141028799639046,0.19321475879624928,1,1,1,1,1,1
granite_medium,48,50,50.5,Center,14.322838467758862,17.24750953884571,11.002217039960504,10.2250360602012,15.731490987073292,15.413365759281792,99.75348018410548,4.0,99.75348018410548,100.0,99.41546718416224,99.53211598395555,1.0,7,99.82009976113292,100.0,99.82009976113292,0.9,9,1.1,P32_derived_Jv_proxy,1.3940976708016077,2.3019335630495017,0.767523369166922,1.1095839766507354,0.7681589836209369,0.9121021763543331,96,7,4,92,0.9583333333333334,0.041666666666666664,7.0,1.0,1.2223099629457561,1.0,0.05092958178940651,1.1713803811563497,0.4771722080612768,0.4749338216072526,-0.0022383864540241882,0,1,1,1,1,1
granite_medium,48,60,60.5,Center,15.980099991990896,19.120692266223163,16.124158675229303,12.840525806202013,20.664874045377292,18.75,98.57236265825954,4.0,98.57236265825954,100.0,99.27181666292714,99.53211598395555,0.8571428571428571,6,99.9320369955041,100.0,99.9320369955041,0.6,6,1.1,P32_derived_Jv_proxy,1.5361332102360954,1.8908012638216163,0.8021782042711498,1.0979377283755933,1.009014879963868,1.0807597213350866,88,6,3,85,0.9659090909090909,0.03409090909090909,7.0,0.8571428571428571,1.1204507993669433,0.8571428571428571,0.03819718634205488,1.0822536130248883,0.33027304532341273,0.43587750484062204,0.10560445951720931,1,1,1,1,1,1
granite_medium,48,70,70.5,Center,14.524756952748152,17.560187382568255,11.971483851874535,10.943442488068914,18.621989681619606,18.75,99.6432174649827,4.0,99.6432174649827,100.0,99.40549781036842,100.0,0.5714285714285714,4,99.76649058594704,100.0,99.76649058594704,0.8,8,1.1,P32_derived_Jv_proxy,1.4937406923011927,2.032895527009258,0.7591455424399571,1.1964933311168784,0.8242123355881334,1.0604664560758268,97,4,0,97,1.0,0.0,7.0,0.5714285714285714,1.2350423583931078,0.5714285714285714,0.0,1.2350423583931078,0.2788666276926728,0.45503669847171846,0.17617007077904567,1,1,1,1,1,1
granite_medium,48,80,80.5,Center,16.379622140746125,19.066778666423712,11.552562758190618,10.861557612384667,17.02524443473541,18.75,100.0,4.0,100.0,100.0,99.86631885255873,100.0,0.2857142857142857,2,99.46872965826002,100.0,99.46872965826002,0.7,7,1.1,P32_derived_Jv_proxy,1.4596594713781852,2.1944870499495424,0.7879303546949652,1.166426211814707,0.7053009317872075,0.8929271552680573,87,2,1,86,0.9885057471264368,0.011494252873563218,7.0,0.2857142857142857,1.1077184039195915,0.2857142857142857,0.012732395447351627,1.0949860084722398,0.24947601621880033,0.44239235495406815,0.1929163387352678,0,1,1,1,1,1
granite_medium,49,10,10.5,Center,16.083952837903794,19.45971100416014,15.308174245393758,17.14546896769521,17.916220378912733,18.75,98.8146176734923,4.0,98.8146176734923,100.0,99.73263770511747,99.53211598395555,0.5714285714285714,4,100.0,100.0,100.0,0.4,4,1.1,P32_derived_Jv_proxy,1.3995427976560755,1.9770700026943366,0.7691105050920306,0.9403233742878602,0.9517669194675938,0.920682757060604,112,4,2,110,0.9821428571428571,0.017857142857142856,7.0,0.5714285714285714,1.4260282901033823,0.5714285714285714,0.025464790894703253,1.4005634992086788,0.5571509631028876,0.4668179740039984,-0.0903329890988892,1,1,1,1,1,1
granite_medium,49,20,20.5,Center,15.41997198930588,18.011761061074967,20.74437901039816,19.802798047555296,19.683038972382555,18.75,100.0,4.0,100.0,100.0,99.86631885255873,100.0,0.2857142857142857,2,100.0,100.0,100.0,0.2,2,1.1,P32_derived_Jv_proxy,1.5241407904205337,1.9405774010329904,0.849321811699394,0.9947213720145752,1.3452929113480157,1.0927881457921051,75,2,2,73,0.9733333333333334,0.02666666666666667,7.0,0.2857142857142857,0.954929658551372,0.2857142857142857,0.025464790894703253,0.9294648676566688,0.276867442142562,0.4061495756063219,0.12928213346375994,0,1,1,1,1,1
granite_medium,49,30,30.5,Center,15.70803760261675,19.374611702557704,19.66272871071615,16.791994811677377,19.96731615293651,18.75,99.61407126375924,4.0,99.61407126375924,100.0,99.61598890532413,100.0,0.5714285714285714,4,99.9557009253785,100.0,99.9557009253785,0.5,5,1.1,P32_derived_Jv_proxy,1.6033662328428935,2.0037804737994027,0.8510089040231382,0.9449752299402078,1.2517622638897044,1.0305918105342242,86,4,2,84,0.9767441860465116,0.023255813953488372,7.0,0.5714285714285714,1.0949860084722398,0.5714285714285714,0.025464790894703253,1.0695212175775366,0.18726252294409396,0.41150657761532716,0.2242440546712332,0,1,1,1,1,1
granite_medium,49,40,40.5,Center,15.890497270083667,18.788310931510665,15.517781969661263,15.453789783402074,18.211207664419778,18.75,99.89402166272359,4.0,99.89402166272359,100.0,99.86631885255873,100.0,0.2857142857142857,2,100.0,100.0,100.0,1.0,10,1.1,P32_derived_Jv_proxy,1.4835258779376395,2.039127838171209,0.8137247045740205,0.9755195898514384,0.9765447679775195,0.9692839197097274,91,2,2,89,0.978021978021978,0.02197802197802198,7.0,0.2857142857142857,1.158647985708998,0.2857142857142857,0.025464790894703253,1.1331831948142947,0.3284147368860426,0.44881445157155897,0.12039971468551636,1,1,1,1,1,1
granite_medium,49,50,50.5,Center,15.989054190067668,18.60708610265051,17.99871804194958,16.242166801639776,20.839123562040697,18.71945795466483,97.63684301839658,4.0,97.63684301839658,100.0,98.9546461419719,99.53211598395555,1.2857142857142858,9,100.0,100.0,100.0,0.8,8,1.1,P32_derived_Jv_proxy,1.4490809082913834,1.8871810372102564,0.8329329341064164,1.0006301870681273,1.1256899769049695,1.1199563137976905,98,9,2,96,0.9795918367346939,0.02040816326530612,7.0,1.2857142857142858,1.2477747538404593,1.2857142857142858,0.025464790894703253,1.2223099629457561,0.30633213891989297,0.4223132327017953,0.11598109378190236,1,1,1,1,1,1
granite_medium,49,60,60.5,Center,15.277268160832822,17.20886490517578,13.483374874265795,12.895726120054363,16.93033216587404,18.75,100.0,4.0,100.0,100.0,99.73263770511747,99.53211598395555,0.5714285714285714,4,100.0,100.0,100.0,0.5,5,1.1,P32_derived_Jv_proxy,1.4051748958772539,2.1161795493447535,0.7673141075131426,1.0711784664713686,0.8825776135051338,0.9838145780772579,81,4,1,80,0.9876543209876543,0.012345679012345678,7.0,0.5714285714285714,1.0313240312354817,0.5714285714285714,0.012732395447351627,1.0185916357881302,0.11429089395477077,0.42490966292172916,0.3106187689669584,1,1,1,1,1,1
granite_medium,49,70,70.5,Center,16.17953973577281,17.695641305433814,20.2551090564664,22.392332823544947,22.000644584517847,18.75,99.66217624225237,4.0,99.66217624225237,100.0,99.5491483316035,99.53211598395555,0.7142857142857143,5,99.06573570674585,100.0,99.06573570674585,0.5,5,1.1,P32_derived_Jv_proxy,1.4267576389426915,1.789217237852694,0.7601050585352687,0.8801099366306078,1.2518964931791319,1.2432804330048266,103,5,1,102,0.9902912621359223,0.009708737864077669,7.0,0.7142857142857143,1.3114367310772175,0.7142857142857143,0.012732395447351627,1.298704335629866,0.3322908877898664,0.42879854110819327,0.09650765331832689,0,1,1,1,1,1
granite_medium,49,80,80.5,Center,16.133713351997223,18.980243767757656,15.580579507065524,14.677849200050597,18.914803520335646,18.75,100.0,4.0,100.0,100.0,99.93315942627937,100.0,0.14285714285714285,1,99.28441221411266,100.0,99.28441221411266,0.5,5,1.1,P32_derived_Jv_proxy,1.512957549340148,1.9997152123158748,0.7874232425535401,1.0253224805356316,0.9657156518859792,0.9965521914142549,91,1,0,91,1.0,0.0,7.0,0.14285714285714285,1.158647985708998,0.14285714285714285,0.0,1.158647985708998,0.505737890448207,0.37481887878997977,-0.13091901165822728,1,1,1,1,1,1
granite_medium,50,10,10.5,Center,14.989058815344286,17.397450690806206,15.437517142502715,12.469503796998803,22.781326093051717,18.75,100.0,4.0,100.0,100.0,99.86631885255873,100.0,0.2857142857142857,2,99.97675530067373,100.0,99.97675530067373,1.0,10,1.1,P32_derived_Jv_proxy,1.5392968028564442,1.8831432324499884,0.7990046882232779,1.2439277892950458,1.0299190451303948,1.3094634666842686,87,2,0,87,1.0,0.0,7.0,0.2857142857142857,1.1077184039195915,0.2857142857142857,0.0,1.1077184039195915,0.14861878109833437,0.46368029898168217,0.3150615178833478,1,1,1,0,1,1
granite_medium,50,20,20.5,Center,15.48542742562192,17.862476856113094,14.30999657600338,14.270489609345685,18.001266860000246,18.75,98.13752468350422,4.0,98.13752468350422,100.0,98.83799734217858,99.53211598395555,1.2857142857142858,9,99.8351027642598,100.0,99.8351027642598,0.9,9,1.1,P32_derived_Jv_proxy,1.3212267543772647,1.8270711589018265,0.8092280787054913,1.0432524595679455,0.9240943877549229,1.0077699193121503,86,9,3,83,0.9651162790697675,0.03488372093023256,7.0,1.2857142857142858,1.0949860084722398,1.2857142857142858,0.03819718634205488,1.056788822130185,0.23523243362003576,0.44917111424616796,0.2139386806261322,1,1,1,1,1,1
granite_medium,50,30,30.5,Center,15.502511794952715,18.19392210653758,15.069030870831481,13.47505526732953,20.552444653989767,18.75,100.0,4.0,100.0,100.0,99.7994782788381,100.0,0.42857142857142855,3,100.0,100.0,100.0,0.5,5,1.1,P32_derived_Jv_proxy,1.572414132861042,1.9559370064089412,0.7919063224720547,1.1069557459213057,0.972038020041219,1.1296324417374912,74,3,0,74,1.0,0.0,7.0,0.42857142857142855,0.9421972631040204,0.42857142857142855,0.0,0.9421972631040204,0.46923742441660776,0.45094485875369117,-0.018292565662916593,1,1,1,1,1,1
granite_medium,50,40,40.5,Center,16.29787666236592,19.98238969826908,21.060815910449712,23.832948417965053,21.73317983101896,18.75,98.64910054908714,4.0,98.64910054908714,100.0,99.68282947904477,100.0,0.42857142857142855,3,100.0,100.0,100.0,0.9,9,1.1,P32_derived_Jv_proxy,1.5281044873180194,1.8188998836828252,0.8383296847423095,0.9074568225639893,1.2922429311961898,1.0876166544235464,89,3,2,87,0.9775280898876404,0.02247191011235955,7.0,0.42857142857142855,1.1331831948142947,0.42857142857142855,0.025464790894703253,1.1077184039195915,0.41480759558262814,0.41281446910099273,-0.00199312648163541,0,1,1,1,1,1
granite_medium,50,50,50.5,Center,16.049563634202684,19.511205560274558,16.128623528472836,11.978990426952656,20.579369257930665,18.75,100.0,4.0,100.0,100.0,99.86631885255873,100.0,0.2857142857142857,2,100.0,100.0,100.0,0.3,3,1.1,P32_derived_Jv_proxy,1.5839109960781457,1.942521017477881,0.8204860435607261,1.1839512304140811,1.004925984037452,1.054746165958649,89,2,1,88,0.9887640449438202,0.011235955056179775,7.0,0.2857142857142857,1.1331831948142947,0.2857142857142857,0.012732395447351627,1.1204507993669433,0.2937609741426487,0.40265291450989893,0.10889194036725025,1,1,1,1,1,1
granite_medium,50,60,60.5,Center,14.278876943702109,17.911133464271234,17.940670875891165,14.528906429702147,18.75,18.75,100.0,4.0,100.0,100.0,100.0,100.0,0.0,0,99.24862086945019,100.0,99.24862086945019,0.8,8,1.1,P32_derived_Jv_proxy,1.5,2.0,0.8326383737874927,0.983819165047113,1.2564483149918972,1.0468349218323967,103,0,0,103,1.0,0.0,7.0,0.0,1.3114367310772175,0.0,0.0,1.3114367310772175,0.0,0.46705161152759633,0.46705161152759633,0,1,1,1,1,1
granite_medium,50,70,70.5,Center,16.390523761243607,19.223196768861783,18.373098400769123,15.560221530353497,18.335019285299655,18.75,100.0,4.0,100.0,100.0,99.73263770511747,99.53211598395555,0.5714285714285714,4,100.0,100.0,100.0,0.6,6,1.1,P32_derived_Jv_proxy,1.529450965034462,2.2346184675415373,0.7934334333627714,0.8416164724672145,1.1209585897562002,0.9537965774245821,68,4,2,66,0.9705882352941176,0.029411764705882353,7.0,0.5714285714285714,0.8658028904199107,0.5714285714285714,0.025464790894703253,0.8403380995252073,0.43954989266137334,0.5233863492860997,0.08383645662472639,1,1,1,1,1,1
granite_medium,50,80,80.5,Center,16.078526753800848,18.328981279470664,16.68356548268517,14.239445368397545,20.51340992006821,18.75,98.6710278632755,4.0,98.6710278632755,100.0,99.68282947904478,100.0,0.42857142857142855,3,100.0,100.0,100.0,0.4,4,1.1,P32_derived_Jv_proxy,1.4953080528171707,1.8413156312840382,0.726353616796915,0.9847721818928779,1.037630234296267,1.1191789443881537,80,3,0,80,1.0,0.0,7.0,0.42857142857142855,1.0185916357881302,0.42857142857142855,0.0,1.0185916357881302,0.15943143228426582,0.4222695852053283,0.2628381529210625,1,1,1,1,1,1
granite_medium,51,10,10.5,Center,17.62023263207418,19.169288820101766,25.823744284972488,21.428528454057304,19.8432049148202,18.75,99.49830661514027,4.0,99.49830661514027,100.0,99.15516786313381,100.0,0.8571428571428571,6,100.0,100.0,100.0,0.8,8,1.1,P32_derived_Jv_proxy,1.5798292829683471,2.0182597280434282,0.8399892687470744,0.698837378076231,1.4655734021334894,1.0351560300980875,90,6,1,89,0.9888888888888889,0.011111111111111112,7.0,0.8571428571428571,1.1459155902616465,0.8571428571428571,0.012732395447351627,1.1331831948142947,0.21433525950979837,0.45293016308569156,0.2385949035758932,0,1,1,1,1,1
granite_medium,51,20,20.5,Center,17.2953780082114,18.863931623673032,18.819219095299076,19.254428779555273,17.464504161203813,18.75,99.41881648796786,4.0,99.41881648796786,100.0,99.79947827883811,100.0,0.42857142857142855,3,99.3993335068941,100.0,99.3993335068941,0.5,5,1.1,P32_derived_Jv_proxy,1.4525515221908447,2.0860495865821793,0.7516677018140919,0.8005115847696642,1.0881068390852282,0.92581464509164,89,3,2,87,0.9775280898876404,0.02247191011235955,7.0,0.42857142857142855,1.1331831948142947,0.42857142857142855,0.025464790894703253,1.1077184039195915,0.31333894967183296,0.4266297255186223,0.11329077584678937,1,1,1,1,1,1
granite_medium,51,30,30.5,Center,15.368523875952981,18.644533146435407,15.158367407424027,14.247179352222052,17.05413380117429,18.75,98.57848395430834,4.0,98.57848395430834,100.0,99.27181666292714,99.53211598395555,0.8571428571428571,6,99.86590178983982,100.0,99.86590178983982,0.6,6,1.1,P32_derived_Jv_proxy,1.4220689949830359,2.087210253763532,0.8285797027245974,1.0148563614281834,0.986325526756816,0.914698891478268,88,6,2,86,0.9772727272727273,0.022727272727272728,7.0,0.8571428571428571,1.1204507993669433,0.8571428571428571,0.025464790894703253,1.0949860084722398,0.2703653614247409,0.4688786042669474,0.1985132428422065,1,1,1,1,1,1
granite_medium,51,40,40.5,Center,14.97438439951038,17.907467772694044,22.8236737149675,17.302702042205215,20.614571287319816,18.75,99.29632785449664,4.0,99.29632785449664,100.0,99.4054978103684,100.0,0.5714285714285714,4,99.11690083340086,100.0,99.11690083340086,0.5,5,1.1,P32_derived_Jv_proxy,1.5286452736864737,1.9155268927005114,0.7506282870795209,0.7209151212181115,1.5241811019432474,1.1511717652650846,79,4,1,78,0.9873417721518988,0.012658227848101266,7.0,0.5714285714285714,1.0058592403407784,0.5714285714285714,0.012732395447351627,0.9931268448934268,0.19518628104321523,0.49225922667746236,0.29707294563424713,0,0,1,1,1,1
granite_medium,51,50,50.5,Center,15.0446680778335,18.070580753360215,11.07982293188625,10.01112026287828,17.658116921988267,18.75,99.04223699533773,4.0,99.04223699533773,100.0,99.33865723664778,100.0,0.7142857142857143,5,98.8955656872109,100.0,98.8955656872109,0.9,9,1.1,P32_derived_Jv_proxy,1.4729411219133404,2.0660921220887967,0.7422939160130672,1.222687149840396,0.7364617733382254,0.9771748436311185,97,5,4,93,0.9587628865979382,0.041237113402061855,7.0,0.7142857142857143,1.2350423583931078,0.7142857142857143,0.05092958178940651,1.1841127766037014,0.3329230816490627,0.39293456899700663,0.060011487347943926,0,1,1,1,1,1
granite_medium,51,60,60.5,Center,16.477943810569567,19.406365122637418,26.115332766598463,28.858672251237607,19.65463433469593,18.75,99.94929276488197,4.0,99.94929276488197,100.0,99.86631885255873,100.0,0.2857142857142857,2,99.47039187517092,100.0,99.47039187517092,0.7,7,1.1,P32_derived_Jv_proxy,1.5578423890636255,1.984929393337522,0.8449114449754581,0.6844096127961086,1.5848659921905497,1.0127931846324436,108,2,1,107,0.9907407407407407,0.009259259259259259,7.0,0.2857142857142857,1.3750987083139756,0.2857142857142857,0.012732395447351627,1.3623663128666241,0.25837169806329596,0.40026771652525284,0.14189601846195687,0,0,1,1,1,1
granite_medium,51,70,70.5,Center,17.610361415191544,19.325562866279764,16.00341966735511,16.196590495292263,19.28750455171927,18.75,96.33223992966512,4.0,96.33223992966512,96.24693763775349,99.04848843713431,99.53211598395555,1.2857142857142858,9,100.0,100.0,100.0,0.4,4,1.1,P32_derived_Jv_proxy,1.6372938297602986,2.0778198638563485,0.8919132994352862,1.1089419327464858,0.9087502118809323,0.9980306749757389,83,9,2,81,0.9759036144578314,0.024096385542168676,7.0,1.2857142857142858,1.056788822130185,1.2857142857142858,0.025464790894703253,1.0313240312354817,0.40131717702309144,0.453497831516365,0.05218065449327358,1,1,1,1,1,1
granite_medium,51,80,80.5,Center,16.291865545916053,18.42492597052411,18.46302521901898,17.719759553561982,19.571382338947693,18.75,98.32082693855423,4.0,98.32082693855423,100.0,99.73263770511747,99.53211598395555,0.5714285714285714,4,99.57267868521083,100.0,99.57267868521083,0.7,7,1.1,P32_derived_Jv_proxy,1.4425632561708481,1.8777185006604271,0.779064432407465,0.9027734722884271,1.1332664860868056,1.0622231193904206,92,4,2,90,0.9782608695652174,0.021739130434782608,7.0,0.5714285714285714,1.1713803811563497,0.5714285714285714,0.025464790894703253,1.1459155902616465,0.1740763099385062,0.4410566309674917,0.2669803210289855,1,1,1,1,1,1
