case_name,seed,n_faces,Q_ratio_mean,Q_ratio_std,Q_ratio_median,Q_log_ratio_mean,Q_log_ratio_std,Q_correlation,Q_match_strict,Q_match_normal,Q_match_loose,Qp_ratio_mean,Qp_ratio_std,Qp_ratio_median,Qp_correlation,Qp_match_strict,Qp_match_normal,Qp_match_loose,Q_log_RMSE,diagnostic_face_rqd_mean,diagnostic_face_rqd_min_dir,diagnostic_bh_rqd_mean,diagnostic_face_rqd_scanline_mean,diagnostic_face_rqd_jv_mean,diagnostic_face_rqd_conservative_mean,diagnostic_bh_rqd_direct_mean,diagnostic_bh_rqd_hudson_mean,diagnostic_lambda_borehole_mean,diagnostic_lambda_face_scanline_mean,diagnostic_face_joints_mean,diagnostic_miss_ratio_union_mean,diagnostic_miss_ratio_union_std,diagnostic_detection_ratio_union_mean,diagnostic_detection_ratio_union_std,diagnostic_face_fracture_density_mean,diagnostic_face_fracture_density_std,diagnostic_bh_fracture_frequency_mean,diagnostic_bh_fracture_frequency_std,diagnostic_bh_union_fracture_frequency_mean,diagnostic_bh_union_fracture_frequency_std,diagnostic_face_orientation_bias_mean,diagnostic_face_orientation_bias_std,diagnostic_bh_union_orientation_bias_mean,diagnostic_bh_union_orientation_bias_std,diagnostic_orientation_bias_gap_mean,diagnostic_orientation_bias_gap_std,case_path,case_name_meta,quality_regime,density_regime,orientation_regime,anisotropy_regime,cost_fp,cost_fn
granite_dense_p32_05,40,3,1.081216479109569,0.21747025589812896,1.12346967530558,0.0244933588260261,0.09200581528627565,-0.47703645993334587,33.33333333333333,100.0,100.0,1.0359214539699833,0.07679463015610233,1.0047870340354252,0.3231830525831204,100.0,100.0,100.0,0.09521026558660964,95.87628290692527,95.87628290692527,95.93211671231113,95.87628290692527,98.5,95.87628290692527,95.93211671231113,96.97749721174831,2.380952380952381,2.966666666666667,367.3333333333333,0.9833982579497399,0.012097138728156582,0.016601742050260146,0.012097138728156598,4.677033260993831,0.14566711171902977,2.380952380952381,0.9428090415820635,2.380952380952381,0.9428090415820635,0.3468468186656118,0.005396033231034447,0.3015198614843054,0.029251505590875908,0.045326957181306415,0.034533059596740384,cases/granite_rqd_p32_rot_05.yaml,granite_dense_p32_05,medium_to_poor,dense,unfavorable,high,1,5
granite_dense_p32_05,41,3,0.9590544828017791,0.1493720285266328,1.0399029388359662,-0.023893761699517846,0.0720475449471504,-0.7985645087627822,66.66666666666666,100.0,100.0,1.0274384613595353,0.036750326172715966,1.0293532072611424,0.5312289138891515,100.0,100.0,100.0,0.07590626180405016,97.51205331446613,97.51205331446613,95.92330232758519,97.51205331446613,98.5,97.51205331446613,95.92330232758519,96.04946775429003,2.7619047619047623,2.766666666666667,379.3333333333333,0.980532461408912,0.0049122869179818165,0.01946753859108798,0.0049122869179818,4.8298220063620505,0.14342402818653924,2.7619047619047623,0.24281045302822796,2.7619047619047623,0.24281045302822796,0.351206786767927,0.009182209633568446,0.29070697410803525,0.005798627267488276,0.06049981265989172,0.008966969134769652,cases/granite_rqd_p32_rot_05.yaml,granite_dense_p32_05,medium_to_poor,dense,unfavorable,high,1,5
granite_dense_p32_05,42,3,0.735660231840381,0.06749680889717412,0.7645658740564854,-0.13522618032760414,0.041064840465121384,-0.5744336343681148,0.0,66.66666666666666,100.0,0.8870423235777757,0.017469918880855438,0.889154093532438,0.18947287097094975,100.0,100.0,100.0,0.1413238867581117,95.94537378492117,95.94537378492117,94.46405825914225,95.94537378492117,98.5,95.94537378492117,94.46405825914225,95.88840263363494,2.714285714285714,2.7000000000000006,386.0,0.9863031160184139,0.004423487050468068,0.013696883981586099,0.004423487050468071,4.914704642677727,0.14665302558924662,2.714285714285714,4.440892098500626e-16,2.714285714285714,4.440892098500626e-16,0.34057761800203906,0.004571972838939165,0.29311925459395377,0.014099528219500104,0.04745836340808529,0.01348187975027751,cases/granite_rqd_p32_rot_05.yaml,granite_dense_p32_05,medium_to_poor,dense,unfavorable,high,1,5
granite_dense_p32_05,43,3,0.9622099249225488,0.019996247188751995,0.9509766412302318,-0.016823113430698793,0.008964873401237002,0.9822286023634076,100.0,100.0,100.0,0.9566019480420737,0.005130674749086417,0.9534767470985894,0.9057535387007966,100.0,100.0,100.0,0.019062688703390316,94.80978413558181,94.80978413558181,95.18153204924715,94.80978413558181,98.5,94.80978413558181,95.18153204924715,94.98933141760028,3.1428571428571423,3.5,417.3333333333333,0.9728915617019568,0.0024038895435452407,0.027108438298043117,0.00240388954354523,5.313653033361412,0.13960548903631373,3.1428571428571423,0.20203050891044205,3.1428571428571423,0.20203050891044205,0.33475371644319996,0.007120483559628179,0.2784660449299229,0.007496263316162459,0.056287671513277036,0.01444449744260713,cases/granite_rqd_p32_rot_05.yaml,granite_dense_p32_05,medium_to_poor,dense,unfavorable,high,1,5
granite_dense_p32_05,44,3,0.8541470803918028,0.023733438357142943,0.8615810798269357,-0.06863645432224585,0.01214606831146108,0.8923445289633095,100.0,100.0,100.0,0.9165170790793832,0.06996420765613655,0.8875691846846127,0.24218496102402992,100.0,100.0,100.0,0.0697028682147042,97.05114865818159,97.05114865818159,92.48546277350538,97.05114865818159,98.5,97.04038375640636,92.48546277350538,94.63906491755522,3.4285714285714284,2.566666666666667,372.6666666666667,0.977728301045684,0.00448629616917414,0.02227169895431601,0.0044862961691741424,4.744939370046374,0.17092842419776988,3.4285714285714284,0.4665694748158434,3.4285714285714284,0.4665694748158434,0.345836951362998,0.00897380098483077,0.23904625057557846,0.02508352596569772,0.10679070078741959,0.022603820864781275,cases/granite_rqd_p32_rot_05.yaml,granite_dense_p32_05,medium_to_poor,dense,unfavorable,high,1,5
granite_dense_p32_05,45,3,0.9936982765566698,0.06800932935119142,1.0006612415158005,-0.003773324744518488,0.029957617949870955,0.9817761424046066,100.0,100.0,100.0,1.0148159712994478,0.08689079984609986,0.959733954594921,-0.07526214450022344,100.0,100.0,100.0,0.030194318221447324,95.39869156403411,95.39869156403411,95.54947482070641,95.39869156403411,98.5,95.39869156403411,95.54947482070641,96.64388612067017,2.5714285714285716,3.133333333333333,382.0,0.980776042134243,0.0015357039069917532,0.01922395786575695,0.00153570390699175,4.8637750608883215,0.11715648940945901,2.5714285714285716,0.11664236870396098,2.5714285714285716,0.11664236870396098,0.34548554590545155,0.01067009481175892,0.279461729420407,0.008219635000676411,0.06602381648504459,0.018119143339471466,cases/granite_rqd_p32_rot_05.yaml,granite_dense_p32_05,medium_to_poor,dense,unfavorable,high,1,5
granite_dense_p32_05,46,3,1.0577764399638119,0.18475953853527344,1.0695372650416652,0.017535593509829767,0.07784861591146344,-0.7455517343774536,66.66666666666666,100.0,100.0,0.9990806937767692,0.05594120098188491,1.0293679380113694,-0.6877775996361735,100.0,100.0,100.0,0.07979914810994253,95.08983283583966,95.08983283583966,88.73999117791884,95.08983283583966,98.5,95.08983283583966,88.73999117791884,94.54192201702836,3.285714285714286,3.1,394.3333333333333,0.9829410986275452,0.007850311615062102,0.017058901372454787,0.007850311615062099,5.020807938072324,0.2883512005849137,3.285714285714286,0.20203050891044227,3.285714285714286,0.20203050891044227,0.35270941629813385,0.010535815688354091,0.26938859208158433,0.04430209083652785,0.08332082421654947,0.05402234357383191,cases/granite_rqd_p32_rot_05.yaml,granite_dense_p32_05,medium_to_poor,dense,unfavorable,high,1,5
granite_dense_p32_05,47,3,0.9660043546688106,0.09758787660304637,0.8973949687912366,-0.017147014445312896,0.04251259095950975,-0.40464287757255385,100.0,100.0,100.0,0.9146103453741691,0.035548141299542035,0.9108718675381167,0.8789080136660176,100.0,100.0,100.0,0.04584038061009484,95.99166849770312,95.99166849770312,93.16998400762726,95.99166849770312,98.5,95.90409251649298,93.16998400762726,95.83624008294423,2.8095238095238098,2.9,375.6666666666667,0.9787991161993671,0.00524501476461037,0.021200883800632796,0.005245014764610351,4.783136556388428,0.13567952416220894,2.8095238095238098,0.6424160744396211,2.8095238095238098,0.6424160744396211,0.3459440295096841,0.015520292960081965,0.2770948279668339,0.03241779686861646,0.0688492015428503,0.018254043467930164,cases/granite_rqd_p32_rot_05.yaml,granite_dense_p32_05,medium_to_poor,dense,unfavorable,high,1,5
granite_dense_p32_05,48,3,0.9360566935317552,0.09660188224120946,0.9661407671089327,-0.031099898214835497,0.046103148142847744,-0.9235440117731593,100.0,100.0,100.0,0.9582229152922457,0.0908128656607528,0.9447157176239138,-0.25006512400392616,100.0,100.0,100.0,0.05561208445701791,97.25931006179327,97.25931006179327,95.05921841318236,97.25931006179327,98.5,97.25931006179327,95.05921841318236,95.31553327024518,3.095238095238095,2.7999999999999994,406.6666666666667,0.98187843927922,0.003574529947067423,0.018121560720779976,0.0035745299470674,5.177840815256328,0.17683316672469607,3.095238095238095,0.48562090605645586,3.095238095238095,0.48562090605645586,0.34447636791871,0.008581535157159832,0.26692588048212257,0.025593263397265784,0.07755048743658743,0.029879187229261615,cases/granite_rqd_p32_rot_05.yaml,granite_dense_p32_05,medium_to_poor,dense,unfavorable,high,1,5
granite_dense_p32_05,49,3,0.917093123233362,0.03762241479898884,0.9307237273784841,-0.0379574379247238,0.01801386600804924,0.7128815988471247,100.0,100.0,100.0,0.9814516713245552,0.0029214838857234654,0.9802587621139053,0.9439055351240232,100.0,100.0,100.0,0.04201507422777226,96.69108748812879,96.69108748812879,95.08891851210986,96.69108748812879,98.5,96.69108748812879,95.08891851210986,96.22268781133266,2.6666666666666665,2.466666666666667,366.3333333333333,0.9842242886012343,0.007749294408942711,0.015775711398765633,0.007749294408942692,4.66430086554648,0.31879052491428217,2.6666666666666665,0.40963453652583937,2.6666666666666665,0.40963453652583937,0.34778626482540625,0.0033955757568038857,0.2896357220395033,0.062246813546353835,0.058150542785903,0.06528160494203208,cases/granite_rqd_p32_rot_05.yaml,granite_dense_p32_05,medium_to_poor,dense,unfavorable,high,1,5
granite_dense_p32_05,50,3,1.030300415238166,0.1371572692552479,0.942493625496172,0.009308200969546801,0.05559234211372026,0.21667522210890264,100.0,100.0,100.0,1.0586975451187854,0.06911201506996363,1.097453131843635,-0.8912331915528634,100.0,100.0,100.0,0.056366223103720435,94.95032344020267,94.95032344020267,96.23706650704737,94.95032344020267,98.5,94.95032344020267,96.23706650704737,96.25055301719885,2.857142857142857,3.033333333333333,388.0,0.9854284317250279,0.0030456671383696466,0.014571568274972066,0.003045667138369635,4.940169433572431,0.08119502252187709,2.857142857142857,0.5084322977157768,2.857142857142857,0.5084322977157768,0.3437237087599146,0.00839841315554218,0.27827674774570327,0.049028568834666116,0.06544696101421132,0.05697186558796278,cases/granite_rqd_p32_rot_05.yaml,granite_dense_p32_05,medium_to_poor,dense,unfavorable,high,1,5
granite_dense_p32_05,51,3,1.1255458570497072,0.10501726687264384,1.1171521020703485,0.0494745841338459,0.04049250000699003,0.3570441051839929,66.66666666666666,100.0,100.0,0.9564162209608179,0.10508922520777185,0.9884679762345968,0.6952811878788009,100.0,100.0,100.0,0.06393259756988671,97.64638878539704,97.64638878539704,94.63456456700862,97.64638878539704,98.5,97.48328079633175,94.63456456700862,95.62235808718837,2.9523809523809526,2.433333333333333,376.0,0.9779908214345222,0.0062303356693398015,0.022009178565477874,0.006230335669339782,4.787380688204212,0.207919146995647,2.9523809523809526,0.1781741612749495,2.9523809523809526,0.1781741612749495,0.3452960562183547,0.007139770464385133,0.2799654158472929,0.02232613199338195,0.0653306403710618,0.02390902403466066,cases/granite_rqd_p32_rot_05.yaml,granite_dense_p32_05,medium_to_poor,dense,unfavorable,high,1,5
granite_dense_p32_05,52,3,1.0020899883284142,0.1569863881276856,1.0387497257406575,-0.004718265420155261,0.07082745112804224,0.5770868642986585,66.66666666666666,100.0,100.0,1.0038372027114584,0.10399918890378826,0.9955732109817701,-0.9999655459063204,100.0,100.0,100.0,0.07098443394062,96.89610501488524,96.89610501488524,94.84455806713406,96.89610501488524,98.5,96.89610501488524,94.84455806713406,96.09468411310736,2.857142857142857,2.433333333333333,390.0,0.9845223410831215,0.00392713003413864,0.015477658916878438,0.003927130034138631,4.965634224467135,0.11989202886789306,2.857142857142857,0.5832118435198045,2.857142857142857,0.5832118435198045,0.3508625527366626,0.0041019676542447285,0.25567903110461543,0.043610049949877425,0.09518352163204717,0.039611301150952155,cases/granite_rqd_p32_rot_05.yaml,granite_dense_p32_05,medium_to_poor,dense,unfavorable,high,1,5
granite_dense_p32_05,53,3,0.9190022523239912,0.02847074038870084,0.9124241906910703,-0.036890543712786585,0.013391818203120383,0.9758626475654643,100.0,100.0,100.0,0.9359688642597197,0.07655209974149159,0.9279800529125172,0.13527614046574413,100.0,100.0,100.0,0.039246057256881794,97.88090555749453,97.88090555749453,92.4140796462015,97.88090555749453,98.5,97.62503379260852,92.4140796462015,94.53843089302374,3.285714285714285,2.6999999999999997,371.3333333333333,0.9788169784693229,0.008393273012407042,0.021183021530677082,0.008393273012407046,4.727962842783238,0.2181500267381982,3.285714285714285,0.8806305718527109,3.285714285714285,0.8806305718527109,0.34666022536176166,0.006689113305165744,0.311649198706697,0.010822411199839998,0.03501102665506469,0.006938218264112886,cases/granite_rqd_p32_rot_05.yaml,granite_dense_p32_05,medium_to_poor,dense,unfavorable,high,1,5
granite_dense_p32_05,54,3,1.0404684278544074,0.1160179707998666,0.9888081959064126,0.014622011623498632,0.047154436842137125,-0.6657757886501072,100.0,100.0,100.0,0.9673200691078875,0.12891280675562683,0.97126614244286,-0.9999630088652318,100.0,100.0,100.0,0.04936946564240723,97.42662085686828,97.42662085686828,94.31524008152503,97.42662085686828,98.5,97.06047267496706,94.31524008152503,96.51801555146828,2.619047619047619,2.733333333333334,368.6666666666667,0.9789920493038391,0.004398932246235322,0.02100795069616086,0.004398932246235356,4.694009788256967,0.24365900445231353,2.619047619047619,0.4856209060564557,2.619047619047619,0.4856209060564557,0.33786411360561736,0.011185001538474952,0.3248327278684667,0.024055594932943555,0.013031385737150717,0.03292370125517303,cases/granite_rqd_p32_rot_05.yaml,granite_dense_p32_05,medium_to_poor,dense,unfavorable,high,1,5
granite_dense_p32_05,55,3,1.0445129259208066,0.048965777162817845,1.0131518866890838,0.018446261690951277,0.02004780849995169,0.6757973059211364,100.0,100.0,100.0,0.9750364585444747,0.06960254432096562,0.9396973211491535,0.7005840582072664,100.0,100.0,100.0,0.02724296599164254,97.72834571934948,97.72834571934948,94.51658231236085,97.72834571934948,98.5,97.72834571934948,94.51658231236085,95.78449158501309,2.904761904761905,2.3333333333333335,374.3333333333333,0.9794737131806612,0.004662758714607792,0.020526286819338796,0.004662758714607804,4.766160029125293,0.12998411544425142,2.904761904761905,0.4714045207910317,2.904761904761905,0.4714045207910317,0.3326897238518582,0.010554749036628739,0.24965202639515305,0.056917983085567544,0.08303769745670515,0.06695247045482053,cases/granite_rqd_p32_rot_05.yaml,granite_dense_p32_05,medium_to_poor,dense,unfavorable,high,1,5
granite_dense_p32_05,56,3,0.9208952251149233,0.23293148431614305,0.7892391819270411,-0.048676333393612735,0.1036014205145425,0.5741587575979363,33.33333333333333,100.0,100.0,0.9376743773496145,0.10608277738597204,0.9109199301787928,0.779539596463122,100.0,100.0,100.0,0.11446676270986791,96.37376785612501,96.37376785612501,92.38829161054373,96.37376785612501,98.5,96.37376785612501,92.38829161054373,94.63451071464108,3.3809523809523814,2.8666666666666667,366.3333333333333,0.9770568288564183,0.013324921914236336,0.02294317114358164,0.013324921914236319,4.664300865546479,0.1231529756048494,3.3809523809523814,0.5512303287042967,3.3809523809523814,0.5512303287042967,0.35475289293685214,0.005915139468562711,0.2866543682397124,0.010085622089560575,0.06809852469713969,0.012685750497767136,cases/granite_rqd_p32_rot_05.yaml,granite_dense_p32_05,medium_to_poor,dense,unfavorable,high,1,5
granite_dense_p32_05,57,3,0.8870293393217721,0.07392756237296222,0.8982201764350607,-0.0535971764213146,0.036676176446061595,0.8262616789242277,66.66666666666666,100.0,100.0,0.9207857964896834,0.04794934729563408,0.9097200294748322,0.680627971562262,100.0,100.0,100.0,0.0649445859101447,96.58545696851269,96.58545696851269,90.13197446373162,96.58545696851269,98.5,96.56333019173661,90.13197446373162,94.62407388769424,3.1904761904761902,2.566666666666667,375.0,0.9808321725746542,0.00750286141679137,0.01916782742534585,0.007502861416791349,4.7746482927568605,0.24754606009162386,3.1904761904761902,1.284832148879242,3.1904761904761902,1.284832148879242,0.3522760501028153,0.011195918187639046,0.2723031079117016,0.004744482752470821,0.07997294219111377,0.014417045004292382,cases/granite_rqd_p32_rot_05.yaml,granite_dense_p32_05,medium_to_poor,dense,unfavorable,high,1,5
granite_dense_p32_05,58,3,0.8970830106106025,0.11524669369912438,0.9281282899949839,-0.0509173648708795,0.05770828315550731,0.4071505595337561,66.66666666666666,100.0,100.0,0.9422212088087436,0.009962683034904727,0.9400623852132511,0.8761181875819817,100.0,100.0,100.0,0.07695988559080948,95.31604930858526,95.31604930858526,93.69538952398428,95.31604930858526,98.5,95.31604930858526,93.69538952398428,95.18826937160827,3.095238095238095,3.1,385.3333333333333,0.9781878158260775,0.003478942652517764,0.021812184173922555,0.0034789426525177734,4.90621637904616,0.2755092151292257,3.095238095238095,0.06734350297014735,3.095238095238095,0.06734350297014735,0.34988405215549623,0.005454950974225878,0.30083922213173847,0.02887757896538371,0.049044830023757736,0.02504338766400169,cases/granite_rqd_p32_rot_05.yaml,granite_dense_p32_05,medium_to_poor,dense,unfavorable,high,1,5
granite_dense_p32_05,59,3,0.820501427580305,0.19035361405641624,0.6865415330871705,-0.09672312072547544,0.09477445321190514,-0.8690640978766759,33.33333333333333,100.0,100.0,0.9366976107618585,0.08668621550911391,0.9288066630718489,-0.9864667961692267,100.0,100.0,100.0,0.13541624372463773,96.49672141616344,96.49672141616344,93.45501651034282,96.49672141616344,98.5,96.49672141616344,93.45501651034282,93.79532232486496,3.619047619047619,2.8666666666666667,373.6666666666667,0.9802012476555554,0.005181094775045353,0.01979875234444452,0.005181094775045319,4.757671765493725,0.18076215293507805,3.619047619047619,0.6834619092574915,3.619047619047619,0.6834619092574915,0.3521160777856565,0.0066322730896736775,0.319791869337219,0.0017523481672135782,0.032324208448437496,0.008273861755906609,cases/granite_rqd_p32_rot_05.yaml,granite_dense_p32_05,medium_to_poor,dense,unfavorable,high,1,5
granite_dense_p32_10,40,3,0.9698722599096893,0.277226283341166,0.8559314286666693,-0.030119454251524475,0.11915386250008526,0.4119532607278928,33.33333333333333,100.0,100.0,0.8907187807899613,0.07924278611765673,0.8383439721004973,0.29287102695697403,100.0,100.0,100.0,0.12290168620933928,89.03351810816584,89.03351810816584,83.39257737472043,89.03351810816584,82.0,82.0,83.39257737472043,87.34704715568621,6.0,5.233333333333333,776.0,0.9831188068239861,0.0033421481819013916,0.016881193176013894,0.003342148181901362,9.880338867144863,0.3874499524899804,6.0,0.5084322977157768,6.0,0.5084322977157768,0.3550873690465411,0.008246213305667573,0.27255771534700296,0.011873580059363023,0.08252965369953813,0.017342590374608988,cases/granite_rqd_p32_rot_10.yaml,granite_dense_p32_10,medium_to_poor,dense,unfavorable,high,1,5
granite_dense_p32_10,41,3,0.9444186022958391,0.12701573022012103,1.016818141669677,-0.029060114312484748,0.06164595177651958,0.06060453337908701,66.66666666666666,100.0,100.0,1.0126372318448258,0.06373084515989773,1.0435171472138598,0.2823068789331812,100.0,100.0,100.0,0.06815213580136471,90.77806878168535,90.77806878168535,90.23502770029897,90.77806878168535,82.0,82.0,90.23502770029897,91.81098545038242,4.476190476190476,5.233333333333333,747.3333333333334,0.9840446324807034,0.0032047736781427973,0.01595536751929655,0.0032047736781428003,9.51534353098745,0.3066954250226575,4.476190476190476,0.673435029701474,4.476190476190476,0.673435029701474,0.35453567950959614,0.0028476946988816292,0.2776971084870658,0.03250634898966474,0.07683857102253033,0.03211134140925076,cases/granite_rqd_p32_rot_10.yaml,granite_dense_p32_10,medium_to_poor,dense,unfavorable,high,1,5
granite_dense_p32_10,42,3,0.8880105791902725,0.13172617420540825,0.8265982735389755,-0.05614875834711652,0.06223674329260315,-0.7164082150197948,66.66666666666666,100.0,100.0,1.0248432594896733,0.05319725455147412,1.002031351386868,0.6318999988276959,100.0,100.0,100.0,0.08382180670680077,89.4049646764786,89.4049646764786,88.27117468522034,89.4049646764786,82.0,82.0,88.27117468522034,90.10854144873069,5.095238095238096,5.5,745.3333333333334,0.9896931655456768,0.00346289930765334,0.010306834454323238,0.0034628993076533422,9.489878740092747,0.3601765405630023,5.095238095238096,0.3749527559053245,5.095238095238096,0.3749527559053245,0.3450140283853349,0.003930080323136031,0.307215586273535,0.037073814524826776,0.037798442111799835,0.038637355529701795,cases/granite_rqd_p32_rot_10.yaml,granite_dense_p32_10,medium_to_poor,dense,unfavorable,high,1,5
granite_dense_p32_10,43,3,1.0357394605523054,0.09176573171358104,0.9782283096741234,0.013606520167254055,0.03743665600618094,0.7394732364926625,100.0,100.0,100.0,1.0260784015150577,0.0990647759186403,0.964012421867899,0.6827828400262913,100.0,100.0,100.0,0.03983265750595879,85.43399848132901,85.43399848132901,88.13486278843607,85.43399848132901,82.0,82.0,88.13486278843607,91.38002249330039,4.523809523809525,6.466666666666666,761.0,0.9854566822929248,0.004081598041573619,0.014543317707075225,0.004081598041573608,9.689352935434588,0.41933225113087735,4.523809523809525,1.4061736247841334,4.523809523809525,1.4061736247841334,0.3454981219947306,0.0048094622989499165,0.29492547603204794,0.03732759415180958,0.05057264596268266,0.04064221367053369,cases/granite_rqd_p32_rot_10.yaml,granite_dense_p32_10,medium_to_poor,dense,unfavorable,high,1,5
granite_dense_p32_10,44,3,0.8888842921750393,0.05967282076949545,0.8575516468798706,-0.05210837321973161,0.02858997871278371,0.36608608602066156,100.0,100.0,100.0,0.9600902780470237,0.07182892722086165,0.9950909517557708,0.8852139934952946,100.0,100.0,100.0,0.05943626369821936,92.5758546073173,92.5758546073173,87.07846743015268,92.5758546073173,82.0,82.0,87.07846743015268,88.9655021451644,5.333333333333333,4.866666666666666,750.3333333333334,0.9827072371913599,0.004484267529040555,0.017292762808640085,0.004484267529040582,9.553540717329502,0.5660150877082296,5.333333333333333,1.1799534946060826,5.333333333333333,1.1799534946060826,0.34204422979349447,0.000615516896127136,0.3017713940149184,0.005304303513859649,0.04027283577857602,0.005851933051410749,cases/granite_rqd_p32_rot_10.yaml,granite_dense_p32_10,medium_to_poor,dense,unfavorable,high,1,5
granite_dense_p32_10,45,3,0.8585665888141643,0.055891177038771576,0.8338133172566008,-0.06712596862082902,0.027800310089079246,-0.4971684638814594,100.0,100.0,100.0,0.9045391672016542,0.09396524985879671,0.8504670752073465,-0.9941911839226232,100.0,100.0,100.0,0.07265502669694289,93.73935757218722,93.73935757218722,85.41186936513299,93.73935757218722,82.0,82.0,85.41186936513299,84.06437929091055,6.9523809523809526,5.033333333333334,775.3333333333334,0.9811647066372696,0.002912972367335992,0.01883529336273039,0.002912972367335987,9.871850603513295,0.3088025176070473,6.9523809523809526,0.2428104530282278,6.9523809523809526,0.2428104530282278,0.3484787664548326,0.0024636821535260803,0.2747120025948226,0.015504591938810562,0.07376676386001006,0.013843114353340485,cases/granite_rqd_p32_rot_10.yaml,granite_dense_p32_10,medium_to_poor,dense,unfavorable,high,1,5
granite_dense_p32_10,46,3,1.0041412171635524,0.15461173244423224,0.9263669208438872,-0.003103814518644351,0.06437780009598072,0.3446145918442927,100.0,100.0,100.0,0.957122079540469,0.041952180517438584,0.9707385010764934,0.22955118810697298,100.0,100.0,100.0,0.06445257799160715,88.4957926391823,88.4957926391823,88.85478887520713,88.4957926391823,82.0,82.0,88.85478887520713,88.6410785487294,5.6190476190476195,6.2,777.3333333333334,0.9820062320816015,0.003704463490161176,0.017993767918398608,0.003704463490161181,9.897315394407999,0.2962999828470406,5.6190476190476195,0.356348322549899,5.6190476190476195,0.356348322549899,0.3489341076823826,0.0034188539151851875,0.29168656062208953,0.015301693520512877,0.05724754706029308,0.017200335295505267,cases/granite_rqd_p32_rot_10.yaml,granite_dense_p32_10,medium_to_poor,dense,unfavorable,high,1,5
granite_dense_p32_10,47,3,1.0901609226431317,0.039886550705177486,1.0760901021990794,0.037203078464364436,0.015759930441909452,-0.7859286611911627,100.0,100.0,100.0,1.0452795617228998,0.04342432522143725,1.0213421053725948,0.3049061294664748,100.0,100.0,100.0,0.04040352032632158,83.69418601403112,83.69418601403112,85.75907306344673,83.69418601403112,82.0,81.85596889265932,85.75907306344673,87.10244375290189,5.904761904761905,6.866666666666667,780.6666666666666,0.9799743838478108,0.006823216743741823,0.02002561615218909,0.00682321674374184,9.939756712565837,0.06266385530435539,5.904761904761905,0.7407785326716215,5.904761904761905,0.7407785326716215,0.3501770054513719,0.002157937379142636,0.3003549785025184,0.022416970172803634,0.04982202694885344,0.0225206334654901,cases/granite_rqd_p32_rot_10.yaml,granite_dense_p32_10,medium_to_poor,dense,unfavorable,high,1,5
granite_dense_p32_10,48,3,0.9686907242032579,0.11097235690007107,0.8971490698470672,-0.01653795247375837,0.04805907788999294,-0.25124736006419496,100.0,100.0,100.0,0.9732258664069936,0.05991687788996786,1.0118704427652734,0.15484909037159103,100.0,100.0,100.0,0.05082498243640325,86.92288859970074,86.92288859970074,84.02971570714134,86.92288859970074,82.0,81.96327018802675,84.02971570714134,85.48233425056851,6.523809523809523,5.466666666666666,761.3333333333334,0.9802949785457845,0.0037093379325085587,0.019705021454215554,0.0037093379325085674,9.693597067250371,0.16644357359079315,6.523809523809523,0.6632565846278154,6.523809523809523,0.6632565846278154,0.3505328557383855,0.004967085042957492,0.2644259784911991,0.011544322404945873,0.0861068772471864,0.016503578015893357,cases/granite_rqd_p32_rot_10.yaml,granite_dense_p32_10,medium_to_poor,dense,unfavorable,high,1,5
granite_dense_p32_10,49,3,0.911310609451783,0.05316367852494128,0.8991384475593889,-0.04106490401296311,0.02513723191728292,0.6287905201830227,100.0,100.0,100.0,0.9848477916542487,0.05034922520061456,0.973788832322159,0.19061084784863389,100.0,100.0,100.0,0.04814775976156254,87.8581819866605,87.8581819866605,85.33230685519284,87.8581819866605,82.0,82.0,85.33230685519284,89.05743341068596,5.428571428571428,5.2,723.3333333333334,0.985116948633287,0.0050732261424685865,0.014883051366712937,0.005073226142468564,9.20976604025101,0.2813318423102457,5.428571428571428,1.414213562373095,5.428571428571428,1.414213562373095,0.3484983729611213,0.009235245400174303,0.30229675422457325,0.019336402781436,0.046201618736548045,0.02247007865360522,cases/granite_rqd_p32_rot_10.yaml,granite_dense_p32_10,medium_to_poor,dense,unfavorable,high,1,5
granite_dense_p32_10,50,3,0.8985433328247193,0.14328178205798908,0.9951298548631081,-0.0525213074107023,0.0741792996767364,0.5157941864893127,66.66666666666666,100.0,100.0,0.9280319646382825,0.06620531454274113,0.9280262801752959,-0.8471143910435665,100.0,100.0,100.0,0.09089035280303713,90.42246650952679,90.42246650952679,88.1594112871233,90.42246650952679,82.0,82.0,88.1594112871233,88.50197343606544,5.666666666666667,5.5,755.6666666666666,0.9858978540938951,0.000950451129247499,0.014102145906105012,0.0009504511292474771,9.621446826382046,0.32300045976064135,5.666666666666667,0.44160088073789056,5.666666666666667,0.44160088073789056,0.3477062755543152,0.004095550584477919,0.29046736397043466,0.023114861129154805,0.05723891158388054,0.024241364224664462,cases/granite_rqd_p32_rot_10.yaml,granite_dense_p32_10,medium_to_poor,dense,unfavorable,high,1,5
granite_dense_p32_10,51,3,1.1413496825075133,0.26233826805923394,1.180900405298192,0.04504076735041177,0.10563818243152305,0.7794207452329583,66.66666666666666,100.0,100.0,0.9289155334256768,0.06323634578072768,0.890680427634025,0.04820146092890026,100.0,100.0,100.0,0.11483943708913617,87.0779514383464,87.0779514383464,85.11000460736817,87.0779514383464,82.0,82.0,85.11000460736817,88.12900007984058,5.666666666666667,6.366666666666667,779.0,0.9777472902003935,0.004689343907159524,0.022252709799606456,0.004689343907159533,9.918536053486918,0.11715648940945879,5.666666666666667,0.9499970163457145,5.666666666666667,0.9499970163457145,0.3571259605549799,0.002318423709584656,0.2941008745752327,0.031678869958364365,0.06302508597974725,0.03330397435844091,cases/granite_rqd_p32_rot_10.yaml,granite_dense_p32_10,medium_to_poor,dense,unfavorable,high,1,5
granite_dense_p32_10,52,3,0.9658281637704101,0.2130701328280818,0.9688047418399103,-0.026109053962986017,0.09878927355859239,-0.3229140579029882,66.66666666666666,100.0,100.0,0.9465993575660171,0.09878446564511653,0.8916963486162408,-0.9914903255392107,100.0,100.0,100.0,0.10218122757667632,87.22990150822983,87.22990150822983,82.02814110205733,87.22990150822983,82.0,82.0,82.02814110205733,84.02664886785017,6.904761904761905,5.866666666666667,749.6666666666666,0.9813076593320766,0.002041462655935642,0.018692340667923354,0.002041462655935642,9.545052453697936,0.1380485018107559,6.904761904761905,1.1208192662799825,6.904761904761905,1.1208192662799825,0.3470478794267658,0.008997071729894824,0.30575973759528646,0.03666183403411795,0.041288141831479365,0.028487957734909274,cases/granite_rqd_p32_rot_10.yaml,granite_dense_p32_10,medium_to_poor,dense,unfavorable,high,1,5
granite_dense_p32_10,53,3,1.0438509319764513,0.04445167127232687,1.0207790661930027,0.018251326609521817,0.01825923544024955,0.6898282779847988,100.0,100.0,100.0,1.0434266555984564,0.06901863553408753,1.0156355283219576,0.8778627051941853,100.0,100.0,100.0,0.02581686661603039,92.57631642069104,92.57631642069104,91.03953080750745,92.57631642069104,82.0,82.0,91.03953080750745,91.2850864037092,4.714285714285714,5.0,774.3333333333334,0.9853617730823742,0.001618904491569746,0.014638226917625834,0.0016189044915697077,9.859118208065944,0.06921969514056821,4.714285714285714,0.4205600412537069,4.714285714285714,0.4205600412537069,0.34597982945588557,0.00958996557274342,0.26802500240188315,0.03766369416546733,0.07795482705400236,0.03373700402984701,cases/granite_rqd_p32_rot_10.yaml,granite_dense_p32_10,medium_to_poor,dense,unfavorable,high,1,5
granite_dense_p32_10,54,3,1.0810869829117038,0.05749383781090853,1.0540739611309664,0.03325832255737079,0.022759906233607182,0.988687611103696,100.0,100.0,100.0,1.020391393967387,0.05674848265266646,1.002814293733059,-0.7548900593037623,100.0,100.0,100.0,0.04030048822399934,87.01575687857434,87.01575687857434,86.10199093647684,87.01575687857434,82.0,82.0,86.10199093647684,87.97296893189616,5.714285714285715,6.133333333333333,783.3333333333334,0.9811679659861715,0.00417249401344956,0.018832034013828537,0.004172494013449554,9.973709767092108,0.28381788628893206,5.714285714285715,0.9547589359887344,5.714285714285715,0.9547589359887344,0.3461156160475403,0.00287047232143535,0.2972954252134387,0.02326772690017105,0.04882019083410164,0.023950634557408493,cases/granite_rqd_p32_rot_10.yaml,granite_dense_p32_10,medium_to_poor,dense,unfavorable,high,1,5
granite_dense_p32_10,55,3,1.013792912602833,0.1729944776217308,0.9164249853061309,-1.5910719901183572e-05,0.07086858395588494,0.5115845466354778,66.66666666666666,100.0,100.0,0.9183538165753099,0.09448843685726127,0.9421439872143441,0.815049821776815,66.66666666666666,100.0,100.0,0.07086858574194435,91.6167411456267,91.6167411456267,81.8271935032639,91.6167411456267,82.0,82.0,81.8271935032639,86.6987702071004,6.142857142857143,4.833333333333333,735.3333333333334,0.9800579279571714,0.001648818307084105,0.01994207204282862,0.0016488183070841093,9.36255478561923,0.12402744558671507,6.142857142857143,0.5345224838248487,6.142857142857143,0.5345224838248487,0.3400733599885662,0.005656379098626893,0.28711401171832257,0.036244417728427986,0.05295934827024362,0.04188406997509348,cases/granite_rqd_p32_rot_10.yaml,granite_dense_p32_10,medium_to_poor,dense,unfavorable,high,1,5
granite_dense_p32_10,56,3,0.9065520388951329,0.1796523275512825,0.8899715704882891,-0.051231811555819205,0.08679675469711626,0.8282537207126565,66.66666666666666,100.0,100.0,0.9061463249447828,0.08681662133490393,0.9619365893124938,0.9790051719309223,66.66666666666666,100.0,100.0,0.10078876495543708,91.39666373704944,91.39666373704944,85.05965271019353,91.39666373704944,82.0,82.0,85.05965271019353,87.58855383876909,5.857142857142857,5.266666666666667,774.0,0.9802075664245201,0.006375402697011736,0.01979243357547995,0.00637540269701174,9.85487407625016,0.18125971003624103,5.857142857142857,1.7182493859684493,5.857142857142857,1.7182493859684493,0.34136649022996,0.0005400426556597812,0.3060229391464107,0.007160243920726647,0.035343551083549286,0.007449701487129613,cases/granite_rqd_p32_rot_10.yaml,granite_dense_p32_10,medium_to_poor,dense,unfavorable,high,1,5
granite_dense_p32_10,57,3,0.9685439977108157,0.076039629911461,0.9612627957966372,-0.015215208060156674,0.034021984393122866,-0.3530312301869065,100.0,100.0,100.0,0.9855721297175116,0.11283485668692869,0.9381385420021067,-0.1312721323875621,100.0,100.0,100.0,0.03726926318509332,88.59850424473753,88.59850424473753,88.14679855437748,88.59850424473753,82.0,82.0,88.14679855437748,89.73847532607915,5.190476190476191,5.733333333333333,727.0,0.9812811480486533,0.004790693636371798,0.01871885195134673,0.004790693636371775,9.256451490224633,0.18036311899822127,5.190476190476191,0.683461909257492,5.190476190476191,0.683461909257492,0.35398942305347353,0.007893468269072106,0.2817703774038918,0.013548308988649987,0.0722190456495817,0.021052495429783612,cases/granite_rqd_p32_rot_10.yaml,granite_dense_p32_10,medium_to_poor,dense,unfavorable,high,1,5
granite_dense_p32_10,58,3,0.8690179855317806,0.11424573258300501,0.8223090473359861,-0.06458983036247967,0.05553296278555802,-0.6990200693872192,66.66666666666666,100.0,100.0,0.9124766640676856,0.06445829979815752,0.9553736342680434,-0.46151191277807646,100.0,100.0,100.0,0.08518072635283214,88.04077949001565,88.04077949001565,85.281071411392,88.04077949001565,82.0,82.0,85.281071411392,89.2724744015436,5.333333333333333,6.3,769.3333333333334,0.9840966408944883,0.005020161360986916,0.015903359105511616,0.005020161360986928,9.795456230829185,0.30457375556539174,5.333333333333333,1.2848321488792422,5.333333333333333,1.2848321488792422,0.3501612822978381,0.0018322650051361895,0.2887096303930305,0.020748737041367277,0.06145165190480758,0.02017397932225033,cases/granite_rqd_p32_rot_10.yaml,granite_dense_p32_10,medium_to_poor,dense,unfavorable,high,1,5
granite_dense_p32_10,59,3,0.8596301188939958,0.0961513746833168,0.8626029303838266,-0.06844046254769905,0.049050163948103076,-0.9962635124573356,66.66666666666666,100.0,100.0,0.9725421829233728,0.030867367636157956,0.965202265469164,0.622071150917071,100.0,100.0,100.0,0.08420222976310537,87.96912852255844,87.96912852255844,85.11397552078809,87.96912852255844,82.0,82.0,85.11397552078809,87.34394927758177,6.0,5.7,751.0,0.9814130007124552,0.0024885046670212914,0.018586999287544797,0.002488504667021284,9.562028980961072,0.2340822422008472,6.0,0.5084322977157768,6.0,0.5084322977157768,0.35089095770307815,0.010437010087458709,0.27836829313613826,0.030971189469860026,0.0725226645669399,0.029632238156161922,cases/granite_rqd_p32_rot_10.yaml,granite_dense_p32_10,medium_to_poor,dense,unfavorable,high,1,5
granite_dense_p32_20,40,3,1.0760017982450762,0.14906254195809426,0.9826199484883575,0.027859134825387193,0.05779429617165797,0.3202965347548644,66.66666666666666,100.0,100.0,1.0074299433802354,0.09627940095650528,0.9467822553110965,0.6285941523758614,100.0,100.0,100.0,0.06415849174658347,69.16070628567998,69.16070628567998,68.19163874327806,69.16070628567998,49.0,49.0,68.19163874327806,71.04471067785913,10.761904761904761,11.300000000000002,1547.0,0.9851356929813164,0.0023916004685100127,0.014864307018683605,0.002391600468510022,19.697015757052966,0.5556734020782675,10.761904761904761,0.5753831415997411,10.761904761904761,0.5753831415997411,0.34606166503129493,0.0030734134004148836,0.2984634525090923,0.023164521970114864,0.04759821252220268,0.020275597501260765,cases/granite_rqd_p32_rot_20.yaml,granite_dense_p32_20,medium_to_poor,dense,unfavorable,high,1,5
granite_dense_p32_20,41,3,0.9443050822070429,0.20176378513550985,0.936576665304294,-0.03506969721943506,0.09467594648628325,-0.9353361761989368,66.66666666666666,100.0,100.0,1.0225035963939961,0.06356250191821458,0.989085505752654,-0.036138448218447805,100.0,100.0,100.0,0.10096246087599302,66.54619657544818,66.54619657544818,64.56704111337768,66.54619657544818,49.0,49.0,64.56704111337768,68.53404614937169,11.38095238095238,11.333333333333334,1488.6666666666667,0.9832287815922102,0.002205754795751835,0.01677121840778974,0.0022057547957518276,18.954292689290785,0.19234862386423304,11.38095238095238,1.0056529562829937,11.38095238095238,1.0056529562829937,0.34932785727800586,0.0032156065379828538,0.27274742766737653,0.013988975355259232,0.07658042961062932,0.011337438599748036,cases/granite_rqd_p32_rot_20.yaml,granite_dense_p32_20,medium_to_poor,dense,unfavorable,high,1,5
granite_dense_p32_20,42,3,0.7175488235064554,0.058603314349819746,0.6836598564929246,-0.14555057803412927,0.03460554290698038,0.765772938407595,0.0,66.66666666666666,100.0,0.9074342898189648,0.09691385615299418,0.8490459115566833,0.42838117451755736,100.0,100.0,100.0,0.1496078686632358,70.22683479385996,70.22683479385996,60.9625528592345,70.22683479385996,49.0,49.0,60.9625528592345,65.27220268582307,12.38095238095238,10.9,1531.6666666666667,0.9792304535394808,0.002884059951013699,0.020769546460519272,0.00288405995101369,19.50178569352691,0.7033488134224622,12.38095238095238,1.3619380615309613,12.38095238095238,1.3619380615309613,0.34340388835442354,0.003829615277020588,0.26653815870240444,0.013538940209120779,0.07686572965201906,0.016590492879166665,cases/granite_rqd_p32_rot_20.yaml,granite_dense_p32_20,medium_to_poor,dense,unfavorable,high,1,5
granite_dense_p32_20,43,3,1.1329357891923924,0.11555901433354707,1.1220357927416647,0.05195024718432062,0.044236714157303125,0.029933419490641714,66.66666666666666,100.0,100.0,1.124563187411171,0.09894100427571285,1.1183385307724383,0.16845517762162662,100.0,100.0,100.0,0.06823280048442211,62.31116663670665,62.31116663670665,67.4387216659926,62.31116663670665,49.0,49.0,67.4387216659926,67.64022009273377,11.714285714285715,12.200000000000001,1535.3333333333333,0.9821769247322223,0.005726095089769058,0.01782307526777777,0.005726095089769048,19.54847114350053,0.3687757370904492,11.714285714285715,0.7284313590846839,11.714285714285715,0.7284313590846839,0.34924294654101756,0.0064315615555354585,0.29154322499794866,0.019564132635615402,0.057699721543068905,0.018358276065598245,cases/granite_rqd_p32_rot_20.yaml,granite_dense_p32_20,medium_to_poor,dense,unfavorable,high,1,5
granite_dense_p32_20,44,3,0.961131522755737,0.11079877634656203,0.9679301520257969,-0.020152855350991355,0.05071260163421627,0.2575106345121686,100.0,100.0,100.0,1.0074753005562416,0.06189669769841238,0.98869532315482,0.6605975010660846,100.0,100.0,100.0,0.05457018914488657,72.74486770832738,72.74486770832738,71.32846032393354,72.74486770832738,49.0,49.0,71.32846032393354,72.29990038490924,10.333333333333334,9.933333333333334,1503.6666666666667,0.984687042032511,0.003934426428481977,0.015312957967489021,0.003934426428481957,19.14527862100106,0.3307701100142743,10.333333333333334,1.225207650501772,10.333333333333334,1.225207650501772,0.3496442538114562,0.0024849810111303118,0.30179148006055523,0.007915118536276156,0.04785277375090095,0.005446427906535958,cases/granite_rqd_p32_rot_20.yaml,granite_dense_p32_20,medium_to_poor,dense,unfavorable,high,1,5
granite_dense_p32_20,45,3,0.8571515464447304,0.07538194469208485,0.8250574973090844,-0.06857575793550881,0.037397670019426295,0.7853370946821193,66.66666666666666,100.0,100.0,0.8676040958051754,0.03295022177949395,0.8783731949154228,0.4407891877209903,100.0,100.0,100.0,0.07811030853422227,66.5408683969718,66.5408683969718,58.46049748593041,66.5408683969718,49.0,49.0,58.46049748593041,67.318730244977,11.761904761904761,11.4,1522.0,0.9816156260743424,0.0011515608339735363,0.01838437392565758,0.0011515608339735216,19.37870587086918,0.5762962176593139,11.761904761904761,0.8438116736509218,11.761904761904761,0.8438116736509218,0.3510239989532454,0.0010083416091925172,0.30379152103400026,0.022919926695512283,0.04723247791924512,0.02366849583378818,cases/granite_rqd_p32_rot_20.yaml,granite_dense_p32_20,medium_to_poor,dense,unfavorable,high,1,5
granite_dense_p32_20,46,3,1.061877667691751,0.12942621820530506,1.0437822094089024,0.022867591553158834,0.052698103997017236,0.02097737110435074,100.0,100.0,100.0,1.047420833244203,0.0036477164720662516,1.0496245381510543,0.9951480463579895,100.0,100.0,100.0,0.057445773633249514,61.4313067097159,61.4313067097159,63.41655486395621,61.4313067097159,49.0,49.0,63.41655486395621,66.61521959248971,12.0,12.333333333333334,1488.6666666666667,0.9800540241707312,0.0015964654205670589,0.019945975829268776,0.0015964654205670678,18.95429268929079,0.20930068476531358,12.0,0.3086066999241841,12.0,0.3086066999241841,0.34581391916364024,0.003089765531580757,0.28558731610400534,0.019836656666437205,0.0602266030596349,0.0200200386765308,cases/granite_rqd_p32_rot_20.yaml,granite_dense_p32_20,medium_to_poor,dense,unfavorable,high,1,5
granite_dense_p32_20,47,3,1.0404184164468735,0.07368390117196431,0.9987812875940577,0.0161493381773532,0.030104751682131062,0.7367737147124591,100.0,100.0,100.0,0.9896617881990988,0.01133609165249959,0.9859559680942073,0.9986886498116951,100.0,100.0,100.0,0.03416280429662194,65.14914970855007,65.14914970855007,66.40145993812051,65.14914970855007,49.0,49.0,66.40145993812051,69.68490902904661,11.095238095238095,12.166666666666666,1537.3333333333333,0.9793764870322037,0.005015718230178076,0.02062351296779627,0.005015718230178089,19.573935934395234,0.13081292797832142,11.095238095238095,0.7766431633476231,11.095238095238095,0.7766431633476231,0.35334213769124617,0.0021736840331880256,0.269197816876278,0.030293666673349234,0.08414432081496814,0.030609062356485504,cases/granite_rqd_p32_rot_20.yaml,granite_dense_p32_20,medium_to_poor,dense,unfavorable,high,1,5
granite_dense_p32_20,48,3,0.8583139856676286,0.1535356477305878,0.7876687371892771,-0.07295940214193024,0.07473198544643495,-0.7758008249062479,33.33333333333333,100.0,100.0,0.879747399601997,0.18699809619215932,0.8757083307264447,-0.9965862077457085,66.66666666666666,66.66666666666666,100.0,0.10444110306614948,70.93125284176745,70.93125284176745,60.23058725686301,70.93125284176745,49.0,49.0,60.23058725686301,64.16735254183624,12.80952380952381,11.0,1531.0,0.9782228413890227,0.0011648177662366423,0.02177715861097727,0.0011648177662366172,19.49329742989534,0.24754606009162372,12.80952380952381,1.6754868653103978,12.80952380952381,1.6754868653103978,0.3497717883512201,0.0017715520969977024,0.28760666610393154,0.006174711119963072,0.062165122247288505,0.00469722367178507,cases/granite_rqd_p32_rot_20.yaml,granite_dense_p32_20,medium_to_poor,dense,unfavorable,high,1,5
granite_dense_p32_20,49,3,0.8047320579302842,0.053083433846325453,0.8417101969689916,-0.09532622698397726,0.02938203665764958,0.7041291947250538,66.66666666666666,100.0,100.0,0.8423540342847774,0.0324504928016491,0.8286661332873209,0.7787027791882917,100.0,100.0,100.0,0.09975165978144032,70.79232322238016,70.79232322238016,57.62317111756383,70.79232322238016,49.0,49.0,57.62317111756383,66.08682151994901,12.142857142857144,10.666666666666666,1512.0,0.9819342965144138,0.001906694097248394,0.018065703485586265,0.001906694097248396,19.251381916395662,0.41073899925630225,12.142857142857144,0.20203050891044227,12.142857142857144,0.20203050891044227,0.3473317628887285,0.005562891985998329,0.2896233830667812,0.011427001471661629,0.05770837982194732,0.011805784110171661,cases/granite_rqd_p32_rot_20.yaml,granite_dense_p32_20,medium_to_poor,dense,unfavorable,high,1,5
granite_dense_p32_20,50,3,0.9454406984534672,0.23630026717411612,0.9119919553712291,-0.03808726239292629,0.10948253165535857,-0.9555510097274998,33.33333333333333,100.0,100.0,0.9517711465482946,0.1168510407996084,0.941481387109926,-0.9721698896405591,100.0,100.0,100.0,0.1159183518441071,67.11337693195541,67.11337693195541,63.23960430313854,67.11337693195541,49.0,49.0,63.23960430313854,66.07004077965996,12.19047619047619,10.700000000000001,1530.6666666666667,0.9819088328894511,0.0017657847965801348,0.018091167110548975,0.0017657847965801196,19.489053298079558,0.3146960064473013,12.19047619047619,0.17817416127494973,12.19047619047619,0.17817416127494973,0.3458226483491081,0.0060689018216183365,0.2840429564915305,0.010515119369018345,0.06177969185757759,0.004468778823543579,cases/granite_rqd_p32_rot_20.yaml,granite_dense_p32_20,medium_to_poor,dense,unfavorable,high,1,5
granite_dense_p32_20,51,3,1.1538399273186788,0.3191877059541163,1.0871377414514876,0.04554460752573871,0.12002514123295925,-0.5877948390426841,66.66666666666666,66.66666666666666,100.0,0.9627690694140835,0.0814225593051405,0.9271468662980419,-0.9870154010935547,100.0,100.0,100.0,0.1283757991315551,70.53825451987234,70.53825451987234,68.02986708975966,70.53825451987234,49.0,49.0,68.02986708975966,71.89327495719259,10.476190476190476,10.566666666666666,1538.3333333333333,0.9826780413943169,0.0018781155285362888,0.017321958605683106,0.0018781155285362732,19.586668329842585,0.23714027178730454,10.476190476190476,1.0774960475223585,10.476190476190476,1.0774960475223585,0.34939916082616335,0.0042920507128750285,0.3048791981018942,0.021233917083944044,0.044519962724269245,0.023290238597876087,cases/granite_rqd_p32_rot_20.yaml,granite_dense_p32_20,medium_to_poor,dense,unfavorable,high,1,5
granite_dense_p32_20,52,3,1.0422751423159722,0.28145844485722554,0.9921147818001683,0.0020476307945853276,0.11781881166759028,0.8704981112594158,33.33333333333333,100.0,100.0,1.0062172876947615,0.18057048694561817,0.8983282970651651,-0.36364385812716205,66.66666666666666,100.0,100.0,0.11783660371308248,63.98989756539129,63.98989756539129,64.60191954110557,63.98989756539129,49.0,49.0,64.60191954110557,68.62599733921353,11.428571428571429,11.066666666666665,1531.6666666666667,0.9847979828639372,0.002498874550355013,0.015202017136062946,0.0024988745503550023,19.50178569352691,0.250870915243085,11.428571428571429,1.7182493859684487,11.428571428571429,1.7182493859684487,0.34871891015841433,0.0029468088359711903,0.2708978933944057,0.017723225651959947,0.07782101676400865,0.016167001782647437,cases/granite_rqd_p32_rot_20.yaml,granite_dense_p32_20,medium_to_poor,dense,unfavorable,high,1,5
granite_dense_p32_20,53,3,0.9216597107406369,0.06953129375900494,0.9033386588054885,-0.03664694525502551,0.0323968395179685,0.5879163611490897,100.0,100.0,100.0,0.9141458989814816,0.036802138616130194,0.9204291317824619,0.9155876227940487,100.0,100.0,100.0,0.04891373843081146,70.20697324954047,70.20697324954047,64.25345659923373,70.20697324954047,49.0,49.0,64.25345659923373,68.2126154825962,11.523809523809524,10.6,1539.6666666666667,0.9837796661408825,0.00135640946252483,0.016220333859117527,0.00135640946252487,19.60364485710572,0.3989032377900212,11.523809523809524,0.740778532671621,11.523809523809524,0.740778532671621,0.3508342508485585,0.0021856700956360917,0.2950941084496475,0.008101468180608948,0.05574014239891101,0.00670305028726994,cases/granite_rqd_p32_rot_20.yaml,granite_dense_p32_20,medium_to_poor,dense,unfavorable,high,1,5
granite_dense_p32_20,54,3,1.0404418971589717,0.1085085010023848,0.9872453827271227,0.014939590135733094,0.044071047042412465,-0.6556937995552137,100.0,100.0,100.0,0.9922224590521734,0.03869248508881546,1.0143570570588498,0.8113367293832175,100.0,100.0,100.0,0.04653438020257953,65.85494411845056,65.85494411845056,63.969812014103844,65.85494411845056,49.0,49.0,63.969812014103844,70.2063157470513,10.95238095238095,11.766666666666666,1512.0,0.9845324989543519,0.0012636091500057936,0.015467501045648131,0.0012636091500058291,19.25138191639566,0.5458620126509877,10.95238095238095,0.9712418121129118,10.95238095238095,0.9712418121129118,0.34799857931755046,0.005037494994121168,0.28406586137134976,0.010354902831278448,0.06393271794620074,0.015246276165745528,cases/granite_rqd_p32_rot_20.yaml,granite_dense_p32_20,medium_to_poor,dense,unfavorable,high,1,5
granite_dense_p32_20,55,3,1.019105816050171,0.14705559479723693,1.1047630062718674,0.0033218285852912497,0.06648141166235794,0.052358952305489814,100.0,100.0,100.0,0.961134648473624,0.05428970930873551,0.9325759822233445,-0.7397111672462077,100.0,100.0,100.0,0.06656434963078929,64.9963325183961,64.9963325183961,61.97108323111138,64.9963325183961,49.0,49.0,61.97108323111138,64.05264630381585,12.761904761904761,12.066666666666668,1543.3333333333333,0.9796816077713633,0.003983088113838177,0.020318392228636777,0.00398308811383815,19.650330307079344,0.16150022988031956,12.761904761904761,0.8597842897746565,12.761904761904761,0.8597842897746565,0.3434519105564287,0.00436353895921958,0.285826716171162,0.009641593351590497,0.0576251943852667,0.014005075759963204,cases/granite_rqd_p32_rot_20.yaml,granite_dense_p32_20,medium_to_poor,dense,unfavorable,high,1,5
granite_dense_p32_20,56,3,0.976105558433701,0.13108463185481115,1.0463614599516096,-0.014707773363715796,0.06147352331773574,-0.24374699570905525,66.66666666666666,100.0,100.0,0.9927913171038645,0.09211390546716268,0.9645335735378853,0.04226386980357719,100.0,100.0,100.0,0.06320848571524736,66.6766440903294,66.6766440903294,62.36187344981776,66.6766440903294,49.0,49.0,62.36187344981776,67.72032304720626,11.619047619047619,11.9,1495.3333333333333,0.9797183839201434,0.002202556276972898,0.020281616079856433,0.0022025562769729203,19.039175325606468,0.26429732421060614,11.619047619047619,0.8275308189039412,11.619047619047619,0.8275308189039412,0.3475886787555309,0.007229463632693494,0.2905870835241584,0.005358607814810882,0.05700159523137249,0.005305025191989412,cases/granite_rqd_p32_rot_20.yaml,granite_dense_p32_20,medium_to_poor,dense,unfavorable,high,1,5
granite_dense_p32_20,57,3,0.9289348052835679,0.04305250227177563,0.9112631007740284,-0.03247403977672433,0.019895014230290862,0.9016948612662551,100.0,100.0,100.0,0.9341754020507612,0.04651408325057203,0.9256498528079051,0.825896860330036,100.0,100.0,100.0,0.03808378724134129,68.21583731222437,68.21583731222437,63.85588047655716,68.21583731222437,49.0,49.0,63.85588047655716,64.67440366980486,12.61904761904762,11.433333333333332,1506.0,0.9797919005718377,0.0018245599339029985,0.020208099428162315,0.0018245599339029748,19.174987543711552,0.7002431655248804,12.61904761904762,1.2140522651411396,12.61904761904762,1.2140522651411396,0.3479182353767289,0.002386725244721585,0.29562934004830427,0.012650680982901166,0.05228889532842459,0.010278985732092282,cases/granite_rqd_p32_rot_20.yaml,granite_dense_p32_20,medium_to_poor,dense,unfavorable,high,1,5
granite_dense_p32_20,58,3,0.850621519235939,0.008966336875623366,0.8470023001232401,-0.07028767254611128,0.004565109384042272,0.8988013482964904,100.0,100.0,100.0,0.8835326184995322,0.0722642281676116,0.8601784064032877,-0.8269593526415213,100.0,100.0,100.0,0.0704357660257744,66.44422213503248,66.44422213503248,59.02477579053882,66.44422213503248,49.0,49.0,59.02477579053882,66.47034883002863,12.04761904761905,11.966666666666669,1558.0,0.9813729298641559,0.002382435541425602,0.018627070135843995,0.00238243554142561,19.837072106973835,0.2200409423036651,12.04761904761905,1.0583862271853746,12.04761904761905,1.0583862271853746,0.34905353703560293,0.00191686130582262,0.2697625417277709,0.019705430509234328,0.07929099530783201,0.02075078161753584,cases/granite_rqd_p32_rot_20.yaml,granite_dense_p32_20,medium_to_poor,dense,unfavorable,high,1,5
granite_dense_p32_20,59,3,0.8338756358304668,0.15690166341644374,0.8111930931523312,-0.0865806553516469,0.08166527193630368,0.08571827844734797,66.66666666666666,66.66666666666666,100.0,0.9108416679496933,0.13792497748303245,0.9288805874584252,-0.7749268863020662,66.66666666666666,100.0,100.0,0.11901859737684314,68.61478722794119,68.61478722794119,62.82701628150443,68.61478722794119,49.0,49.0,62.82701628150443,68.12963238477022,11.571428571428571,11.233333333333334,1509.6666666666667,0.9814742356424334,0.0023021096129112995,0.018525764357566633,0.0023021096129112596,19.22167299368517,0.2675486693152903,11.571428571428571,0.7648751621051911,11.571428571428571,0.7648751621051911,0.351732449208456,0.0035901917982046213,0.283064574541592,0.010048496568009577,0.06866787466686401,0.006873862374667455,cases/granite_rqd_p32_rot_20.yaml,granite_dense_p32_20,medium_to_poor,dense,unfavorable,high,1,5
