case_name,seed,face_x_idx,face_x_coord,Q_face_mean,Q_face_median,Qp_face_mean,Qp_face_median,Q_borehole_mean,Qp_borehole_mean,Q_ratio,Q_difference,Q_log_ratio,Qp_ratio,Qp_difference,face_joints_count,face_rqd_practical,face_rqd_mean,face_rqd_min_dir,face_joint_count,bh_union_fracture_count,common_union_fracture_count,missed_union_fracture_count,miss_ratio_union,detection_ratio_union,face_area,window_length,face_fracture_density,bh_fracture_frequency_mean,bh_union_fracture_frequency,common_fracture_density,missed_fracture_density,face_orientation_bias,bh_union_orientation_bias,orientation_bias_gap,Q_match_strict,Q_match_normal,Q_match_loose,Qp_match_strict,Qp_match_normal,Qp_match_loose,face_RQD_mean,face_RQD_median,face_RQD_std,face_RQD_min,face_RQD_max,face_RQD_n_points,face_Jn_mean,face_Jn_median,face_Jn_std,face_Jn_min,face_Jn_max,face_Jn_n_points,face_Jr_mean,face_Jr_median,face_Jr_std,face_Jr_min,face_Jr_max,face_Jr_n_points,face_Ja_mean,face_Ja_median,face_Ja_std,face_Ja_min,face_Ja_max,face_Ja_n_points,face_Jw_mean,face_Jw_median,face_Jw_std,face_Jw_min,face_Jw_max,face_Jw_n_points,face_SRF_mean,face_SRF_median,face_SRF_std,face_SRF_min,face_SRF_max,face_SRF_n_points,face_Q_mean,face_Q_median,face_Q_std,face_Q_min,face_Q_max,face_Q_n_points,face_Qprime_mean,face_Qprime_median,face_Qprime_std,face_Qprime_min,face_Qprime_max,face_Qprime_n_points
granite_2sets,42,10,10.5,21.83809025400908,20.279186790347868,25.24025741405072,25.24025741405072,25.852964973433835,30.134440995421876,1.1838473361326864,4.014874719424753,0.07329570124675944,1.1939038695638131,4.894183581371156,45,94.51598178840861,99.68275353879285,99.20213755604388,45,2,0,45,1.0,0.0,78.53981633974483,7.0,0.5729577951308232,0.2857142857142857,0.2857142857142857,0.0,0.5729577951308232,0.5344571919619878,0.4819422569802053,0.0525149349817825,1,1,1,1,1,1,94.51598178840861,94.51598178840861,0.5772825457915249,99.20213755604388,100.0,81,4.0,4.0,0.0,4.0,4.0,81,1.4846719507755748,1.4846719507755748,0.34793676768039866,0.8699415541312703,2.231117951849778,81,1.3898949677821946,1.3898949677821946,0.395229024601449,0.7875000000000001,2.183043959148247,81,0.8058327165278021,0.8181410398520713,0.09698859505082212,0.5852422834053733,1.0,81,1.0105751285485172,1.0472893591873296,0.2692197399597699,0.5,1.590837079968735,81,21.83809025400908,20.279186790347868,7.316992117039716,11.158849936369418,50.12429380987745,81,25.24025741405072,25.24025741405072,0.0,25.24025741405072,25.24025741405072,81
granite_2sets,42,20,20.5,20.932387134428737,18.428176936374868,24.037970289992334,24.03797028999234,34.658792907540665,34.0,1.655749661276582,13.726405773111928,0.21899467487355273,1.414428905179034,9.962029710007666,38,94.66292616531602,99.77329456171145,99.45302175036973,38,0,0,38,1.0,0.0,78.53981633974483,7.0,0.4838310269993618,0.0,0.0,0.0,0.4838310269993618,0.5940734146915106,0.0,0.5940734146915106,0,0,1,0,1,1,94.66292616531602,94.66292616531602,0.42513221546860736,99.45302175036973,100.0,81,4.0,4.0,0.0,4.0,4.0,81,1.5117488459450474,1.5117488459450474,0.4012522497878391,0.5,2.1655400113050884,81,1.4883387371913102,1.4883387371913102,0.4403561066808606,0.7875000000000001,2.4292273744782364,81,0.798630632879434,0.8018718996317244,0.08741301252741472,0.5433440278598597,1.0,81,1.0092073471858596,0.9800795884711129,0.29175180259474975,0.5,1.818773120744136,81,20.932387134428737,18.428176936374868,7.643975075641419,10.557521683619482,45.947118703987805,81,24.037970289992334,24.03797028999234,7.105427357601002e-15,24.03797028999234,24.03797028999234,81
granite_2sets,42,30,30.5,20.629355114082493,18.672855310767385,24.336429471340015,24.336429471340015,25.67045048755605,31.862414082399727,1.2443651459580667,5.041095373473556,0.09494783823699504,1.309247690583483,7.525984611059712,43,94.56119529124825,99.71735501395979,99.26921824550314,43,2,0,43,1.0,0.0,78.53981633974483,7.0,0.5474930042361199,0.2857142857142857,0.2857142857142857,0.0,0.5474930042361199,0.5426369154816771,0.5372470659505686,0.005389849531108548,1,1,1,0,1,1,94.56119529124825,94.56119529124825,0.480635496664447,99.26921824550314,100.0,81,4.0,4.0,0.0,4.0,4.0,81,1.429167065507328,1.429167065507328,0.39974057326018764,0.6446361171569309,2.0003721708861795,81,1.388286500125375,1.388286500125375,0.3638704779170021,0.7998895642865049,2.1051823627864596,81,0.7859828510482846,0.7902061459452242,0.09814277936060319,0.41211259942630074,1.0,81,0.9982078557519091,1.0207631939712856,0.25956750463695677,0.5,1.4964035952855428,81,20.629355114082493,18.672855310767385,6.294978619910525,11.0033003999055,36.898185607636854,81,24.336429471340015,24.336429471340015,0.0,24.336429471340015,24.336429471340015,81
granite_2sets,42,40,40.5,20.875047001824825,19.317687614994774,24.055094105927203,24.055094105927207,26.79466600173841,32.21821305864935,1.283573924379481,5.919618999913585,0.10842088588285348,1.3393509464887414,8.163118952722144,44,94.50067431175503,99.7760179888811,99.02195804761264,44,1,0,44,1.0,0.0,78.53981633974483,7.0,0.5602253996834716,0.14285714285714285,0.14285714285714285,0.0,0.5602253996834716,0.5294035203111371,0.3193260396521863,0.21007748065895082,0,1,1,0,1,1,94.50067431175503,94.50067431175503,0.4733779896962922,99.02195804761264,100.0,81,4.0,4.0,0.0,4.0,4.0,81,1.4028431134880184,1.4028431134880184,0.2956037970014618,0.8078264882126804,1.904321284185984,81,1.3777707498715865,1.3777707498715865,0.34153766801519064,0.7875000000000001,2.0369351152224815,81,0.80108886078776,0.7830120710909552,0.10261550287205679,0.5791784315829681,1.0,81,0.9914101247756762,0.9808340827685149,0.2531766761769635,0.5,1.7645533590169384,81,20.875047001824825,19.317687614994774,6.75609272445206,11.0202148254694,44.42376999239944,81,24.055094105927203,24.055094105927207,3.552713678800501e-15,24.055094105927207,24.055094105927207,81
granite_2sets,42,50,50.5,21.952354965114253,19.50924168339146,24.49637252795907,24.496372527959075,30.512459203390353,31.077325685840144,1.3899401340712398,8.5601042382761,0.142996095216386,1.2686501093323048,6.580953157881073,40,94.58584403065065,99.77793397173143,99.24321491253617,40,2,1,39,0.975,0.025,78.53981633974483,7.0,0.5092958178940651,0.2857142857142857,0.2857142857142857,0.012732395447351627,0.4965634224467134,0.5386115957621236,0.3669418528025361,0.17166974295958748,0,1,1,0,1,1,94.58584403065065,94.58584403065065,0.5006995002997738,99.24321491253617,100.0,81,4.0,4.0,0.0,4.0,4.0,81,1.4198426044632484,1.4198426044632484,0.3256540589695644,0.6291348906907218,2.3654213008077485,81,1.3705805929077148,1.3705805929077148,0.35635148261878186,0.7875000000000001,2.006032673811924,81,0.801977084343542,0.8126918194318841,0.09422359011018473,0.575396349393484,1.0,81,1.0039593712621988,1.0038870558080872,0.3151960495864051,0.5,1.850565605707763,81,21.952354965114253,19.50924168339146,8.730870015246111,11.07361721852933,47.22933706943152,81,24.49637252795907,24.496372527959075,3.552713678800501e-15,24.496372527959075,24.496372527959075,81
granite_2sets,42,60,60.5,19.015289983447587,17.56676076861112,21.06887609477713,21.068876094777135,33.76594995044933,38.45653466625537,1.7757262697461824,14.750659967001745,0.24937601960643296,1.8252769864543725,17.38765857147824,58,94.66834684231938,99.82077702192731,99.39606299952851,58,1,1,57,0.9827586206896551,0.017241379310344827,78.53981633974483,7.0,0.7384789359463944,0.14285714285714285,0.14285714285714285,0.012732395447351627,0.7257465404990427,0.47043583610422146,0.6077832093631328,-0.13734737325891133,0,0,1,0,0,1,94.66834684231938,94.66834684231938,0.36758104852505885,99.39606299952851,100.0,81,4.0,4.0,0.0,4.0,4.0,81,1.3498324917456481,1.3498324917456481,0.34030493201898565,0.5255206288364445,2.095399657158939,81,1.5162936306233108,1.5162936306233108,0.33666651808979703,0.8681369207487305,2.123556863715701,81,0.796531347629674,0.8009249700722829,0.08300327805529423,0.5657463866024023,1.0,81,0.9485468535984315,0.9675484791222612,0.23298584419055413,0.5,1.5727726683934522,81,19.015289983447587,17.56676076861112,6.021263833743927,9.136397086562788,40.56691670705838,81,21.06887609477713,21.068876094777135,3.552713678800501e-15,21.068876094777135,21.068876094777135,81
granite_2sets,42,70,70.5,21.266469648484428,19.54105066321348,24.28832184765025,24.288321847650245,31.286205869871868,36.08743207802468,1.4711518360595175,10.01973622138744,0.16765749812508624,1.4857935556184145,11.799110230374435,37,94.87398684417825,99.92767978058431,99.77686676117156,37,3,0,37,1.0,0.0,78.53981633974483,7.0,0.4710986315520102,0.42857142857142855,0.42857142857142855,0.0,0.4710986315520102,0.5349282653772931,0.42212572272622717,0.11280254265106593,0,1,1,0,1,1,94.87398684417825,94.87398684417825,0.23216350170044542,99.77686676117156,100.0,81,4.0,4.0,0.0,4.0,4.0,81,1.429966307210586,1.429966307210586,0.4045966774083566,0.5619364370465523,2.0958942826531977,81,1.3964180550316638,1.3964180550316638,0.3457085678495005,0.7875000000000001,2.0785568577597706,81,0.8058055492208281,0.8141794615669642,0.0996122281003249,0.5807036689543598,1.0,81,0.9987298165939238,1.0016184826170826,0.27952843148427436,0.5,1.7536793343175698,81,21.266469648484428,19.54105066321348,6.7837950547470065,10.872402635941846,41.270348001186356,81,24.28832184765025,24.288321847650245,3.552713678800501e-15,24.288321847650245,24.288321847650245,81
granite_2sets,42,80,80.5,19.281794264169747,16.460336147320326,21.657155427388744,21.657155427388744,35.55965780078824,39.98915505638616,1.8442089627969276,16.27786353661849,0.265810128348861,1.8464638715116684,18.331999628997416,42,94.64442873304498,99.8469953345229,99.29379313780774,42,2,0,42,1.0,0.0,78.53981633974483,7.0,0.5347606087887683,0.2857142857142857,0.2857142857142857,0.0,0.5347606087887683,0.5062870723937827,0.5924438633948674,-0.08615679100108475,0,0,1,0,0,1,94.64442873304498,94.64442873304498,0.369233185302832,99.29379313780774,100.0,81,4.0,4.0,0.0,4.0,4.0,81,1.3570576785691582,1.3570576785691582,0.419274588333721,0.5,2.220685051932906,81,1.4826271757686718,1.4826271757686718,0.37862939533068124,0.7875000000000001,2.2426410376601806,81,0.8352915629243561,0.840021308278835,0.10435776269106348,0.6032036668355003,1.0,81,1.0498513137319603,1.058428281550172,0.3124754782145494,0.5,1.715070482424471,81,19.281794264169747,16.460336147320326,7.720860290554634,8.581733254730423,42.65728134467153,81,21.657155427388744,21.657155427388744,0.0,21.657155427388744,21.657155427388744,81
granite_2sets,43,10,10.5,20.34770005886655,18.402194491230805,23.804830685132284,23.804830685132284,35.41166313883629,37.758495312069726,1.740327557236897,15.063963079969739,0.2406309970827183,1.5861694549103618,13.953664626937442,37,94.62166335028887,99.73917565562766,99.3956137541608,37,3,0,37,1.0,0.0,78.53981633974483,7.0,0.4710986315520102,0.42857142857142855,0.42857142857142855,0.0,0.4710986315520102,0.47374597178100153,0.4157362720483755,0.05800969973262604,0,0,1,0,0,1,94.62166335028887,94.62166335028887,0.43410150579832796,99.3956137541608,100.0,81,4.0,4.0,0.0,4.0,4.0,81,1.3826534458788897,1.3826534458788897,0.34190572691940213,0.5800753529724166,2.002736550962766,81,1.3739749991981736,1.3739749991981736,0.32745542377867815,0.7875000000000001,2.0270308559814234,81,0.8014014062393723,0.8140371538245594,0.10213771782066143,0.5231364227270517,1.0,81,1.0438481419175636,1.0508647323810545,0.3231129883238189,0.5,1.7828850917918175,81,20.34770005886655,18.402194491230805,7.642310154848677,9.518371481788332,41.36975617699341,81,23.804830685132284,23.804830685132284,0.0,23.804830685132284,23.804830685132284,81
granite_2sets,43,20,20.5,19.135216209610604,18.143635508951576,23.48370203444029,23.483702034440295,26.787266273144784,33.01621039875763,1.3998935773556067,7.65205006353418,0.14609502101824834,1.4059201717998862,9.532508364317337,55,94.30527772159913,99.58490510039441,98.79442582730084,55,2,2,53,0.9636363636363636,0.03636363636363636,78.53981633974483,7.0,0.7002817496043394,0.2857142857142857,0.2857142857142857,0.025464790894703253,0.6748169587096362,0.5169911659471665,0.37495199504175347,0.14203917090541307,0,1,1,0,1,1,94.30527772159913,94.30527772159913,0.668094314552741,98.79442582730084,100.0,81,4.0,4.0,0.0,4.0,4.0,81,1.406204788366373,1.406204788366373,0.3886615352689743,0.5,2.1336991462186754,81,1.4117507208387425,1.4117507208387425,0.391250641923314,0.7875000000000001,2.625673388327928,81,0.7779195492674149,0.7792094108697226,0.10401566941795344,0.5525150982087609,1.0,81,1.0283543124605499,1.0457797336449728,0.25305032988175064,0.5,1.525670655885865,81,19.135216209610604,18.143635508951576,6.46096923112356,9.601065137042866,40.609096914720524,81,23.48370203444029,23.483702034440295,3.552713678800501e-15,23.483702034440295,23.483702034440295,81
granite_2sets,43,30,30.5,23.057492184593375,22.501821344981764,25.384033546706778,25.384033546706778,32.601376356242675,38.5321739300664,1.4139168342872241,9.5438841716493,0.15042386527958462,1.5179689177122684,13.148140383359621,50,94.73656354620539,99.8359345409174,99.5528443628486,50,1,1,49,0.98,0.02,78.53981633974483,7.0,0.6366197723675814,0.14285714285714285,0.14285714285714285,0.012732395447351627,0.6238873769202297,0.5501188958242083,0.7177312813495413,-0.16761238552533309,0,1,1,0,0,1,94.73656354620539,94.73656354620539,0.345654276962276,99.5528443628486,100.0,81,4.0,4.0,0.0,4.0,4.0,81,1.4674963652838184,1.4674963652838184,0.33935579833752494,0.710597863062652,2.1183160819287297,81,1.3692225312392532,1.3692225312392532,0.3548188143994161,0.7875000000000001,2.30171937055186,81,0.8041682561944393,0.8144260509696161,0.09695893638668682,0.5622243506084872,1.0,81,0.9413077924833457,0.9200045478104086,0.24226814047056236,0.5,1.542426758971279,81,23.057492184593375,22.501821344981764,6.171045595235866,13.475853781166478,38.12788127161969,81,25.384033546706778,25.384033546706778,0.0,25.384033546706778,25.384033546706778,81
granite_2sets,43,40,40.5,21.39582889928964,19.760139777281516,24.3920997367658,24.392099736765797,34.88546260316873,35.413717732705784,1.630479602700831,13.489633703879093,0.2123153701521665,1.451851956776287,11.021617995939984,48,94.60585310719604,99.73952483520951,99.35348408191217,48,1,1,47,0.9791666666666666,0.020833333333333332,78.53981633974483,7.0,0.6111549814728781,0.14285714285714285,0.14285714285714285,0.012732395447351627,0.5984225860255264,0.5132135335542523,0.5788644380944571,-0.06565090454020484,0,0,1,0,1,1,94.60585310719604,94.60585310719604,0.4300863899909887,99.35348408191217,100.0,81,4.0,4.0,0.0,4.0,4.0,81,1.369253723596536,1.369253723596536,0.37207382196197686,0.5,2.3085621439755664,81,1.3276779986042218,1.3276779986042218,0.3723276889334816,0.7875000000000001,2.3928587037591007,81,0.8212137045184241,0.8103209676572208,0.09453284979587645,0.5624051435040069,1.0,81,1.039693594951147,1.0296064113542802,0.3119081093139165,0.5,1.6864390077401887,81,21.39582889928964,19.760139777281516,7.75471285480176,8.459503185438646,46.89198266673872,81,24.3920997367658,24.392099736765797,3.552713678800501e-15,24.392099736765797,24.392099736765797,81
granite_2sets,43,50,50.5,23.077683192638663,21.168378579799324,25.42553429357085,25.42553429357084,24.457061894313586,37.7605955052918,1.0597711083110335,1.3793787016749235,0.02521207551787885,1.4851446215169615,12.335061211720955,44,94.63184500041066,99.73682924845234,99.42592718103379,44,2,1,43,0.9772727272727273,0.022727272727272728,78.53981633974483,7.0,0.5602253996834716,0.2857142857142857,0.2857142857142857,0.012732395447351627,0.5474930042361199,0.5345661719656363,0.5548811513001222,-0.020314979334485894,1,1,1,0,1,1,94.63184500041066,94.63184500041066,0.3489182808459271,99.42592718103379,100.0,81,4.0,4.0,0.0,4.0,4.0,81,1.4182489806855694,1.4182489806855694,0.3156913068712805,0.5385990494461773,1.9751943810588057,81,1.319652874965977,1.319652874965977,0.35940001183041415,0.7875000000000001,1.9824705746959785,81,0.8051613844720689,0.7960782226200256,0.1060132896310704,0.5904212735944454,1.0,81,0.9806098738886923,0.9504404521207237,0.2829555166867192,0.5,1.6995552875297946,81,23.077683192638663,21.168378579799324,8.81496218266709,12.117089930266909,50.663133292039404,81,25.42553429357085,25.42553429357084,7.105427357601002e-15,25.42553429357084,25.42553429357084,81
granite_2sets,43,60,60.5,21.750633275712755,20.058329296829445,24.348526959202978,24.348526959202974,33.187260358542744,32.535883583009216,1.5258066253914724,11.43662708282999,0.18349949636660767,1.336256753335613,8.187356623806238,50,94.68567993051298,99.75760259961493,99.5364380229802,50,2,1,49,0.98,0.02,78.53981633974483,7.0,0.6366197723675814,0.2857142857142857,0.2857142857142857,0.012732395447351627,0.6238873769202297,0.4965056846508521,0.42852838108429125,0.06797730356656084,0,0,1,0,1,1,94.68567993051298,94.68567993051298,0.48327483274316807,99.5364380229802,100.0,81,4.0,4.0,0.0,4.0,4.0,81,1.4209667332269322,1.4209667332269322,0.3362850259283614,0.5,2.0639480289770504,81,1.381451139936189,1.381451139936189,0.38130720647225386,0.7875000000000001,2.183574721435068,81,0.7921876350666046,0.788707062658949,0.0841171521556752,0.5897703572237968,1.0,81,0.9686067130123986,0.9176043750931344,0.2849335024448595,0.5,1.7716145996211208,81,21.750633275712755,20.058329296829445,7.078559646472476,10.18404878377915,42.40552064739007,81,24.348526959202978,24.348526959202974,3.552713678800501e-15,24.348526959202974,24.348526959202974,81
granite_2sets,43,70,70.5,22.7951392300668,20.833171492733836,24.67015568995564,24.670155689955642,29.231625725211988,37.30099701838303,1.2823622365357374,6.436486495145189,0.10801072027432612,1.5119887157246434,12.63084132842739,51,94.43757840579923,99.58761943601336,99.13851401913584,51,2,1,50,0.9803921568627451,0.0196078431372549,78.53981633974483,7.0,0.649352167814933,0.2857142857142857,0.2857142857142857,0.012732395447351627,0.6366197723675814,0.532727406349996,0.580465128345919,-0.047737721995922966,0,1,1,0,0,1,94.43757840579923,94.43757840579923,0.5525854241457957,99.13851401913584,100.0,81,4.0,4.0,0.0,4.0,4.0,81,1.4292968224286762,1.4292968224286762,0.3712029077751329,0.5,2.508956613119914,81,1.3678402806779217,1.3678402806779217,0.3249411482970429,0.7875000000000001,2.062226507087873,81,0.821639142022217,0.8203952367382287,0.08161854996409543,0.6409272034825164,1.0,81,0.9715214717592067,0.9598117094899175,0.2713572503655,0.5,1.5982698200873018,81,22.7951392300668,20.833171492733836,7.938648995311956,11.407064096754146,48.83580544327085,81,24.67015568995564,24.670155689955642,3.552713678800501e-15,24.670155689955642,24.670155689955642,81
granite_2sets,43,80,80.5,19.305743546545187,18.267227364009766,23.081612460075863,23.081612460075867,24.3198124718621,32.05397437643048,1.2597190267874554,5.014068925316913,0.10027368898798716,1.3887233585553895,8.972361916354618,48,94.6520018206488,99.74617944788407,99.46494614567077,48,1,1,47,0.9791666666666666,0.020833333333333332,78.53981633974483,7.0,0.6111549814728781,0.14285714285714285,0.14285714285714285,0.012732395447351627,0.5984225860255264,0.5346180190990935,0.6241416902680885,-0.08952367116899507,0,1,1,0,1,1,94.6520018206488,94.6520018206488,0.43676454823322886,99.46494614567077,100.0,81,4.0,4.0,0.0,4.0,4.0,81,1.336347701844419,1.336347701844419,0.3858703281273252,0.5361382795704619,2.1355074027215144,81,1.3700081106420028,1.3700081106420028,0.35531654964452375,0.7875000000000001,2.268993307184357,81,0.7882217612787384,0.7989123157448944,0.10410397492152428,0.5743403119666013,0.9804388142901096,81,1.0303202142754548,1.0055237973194058,0.29940702515844464,0.5,1.9305360718577538,81,19.305743546545187,18.267227364009766,6.7603477567940615,9.602429066063078,44.11926392707971,81,23.081612460075863,23.081612460075867,3.552713678800501e-15,23.081612460075867,23.081612460075867,81
granite_2sets,44,10,10.5,19.646960557999844,18.513659540607996,23.23354093914718,23.233540939147176,32.12403437121576,40.03115594765431,1.6350638194840525,12.477073813215913,0.21353470862250878,1.722989881417693,16.797615008507133,45,94.63942759987528,99.7605260827178,99.410336138753,45,2,0,45,1.0,0.0,78.53981633974483,7.0,0.5729577951308232,0.2857142857142857,0.2857142857142857,0.0,0.5729577951308232,0.5771246947836677,0.4774048472660467,0.09971984751762097,0,0,1,0,0,1,94.63942759987528,94.63942759987528,0.48834886093645746,99.410336138753,100.0,81,4.0,4.0,0.0,4.0,4.0,81,1.3508025948400346,1.3508025948400346,0.3792828480864734,0.5479342223731513,2.1261511166354663,81,1.3755886878255121,1.3755886878255121,0.3218637846766089,0.7875000000000001,2.130517528053858,81,0.8019218153839792,0.8138158416446175,0.09484961835015239,0.6027499718408068,1.0,81,1.0268927339001495,1.020030751678388,0.26052141440214915,0.5,1.623845060872137,81,19.646960557999844,18.513659540607996,6.656334331256794,9.080867780907761,39.723967817112694,81,23.23354093914718,23.233540939147176,3.552713678800501e-15,23.233540939147176,23.233540939147176,81
granite_2sets,44,20,20.5,22.725813492143548,21.35888790832717,26.16888461331803,26.16888461331804,26.732457860896723,28.78823806796881,1.176303672039652,4.006644368753175,0.07051945274890858,1.1000941955820969,2.6193534546507777,45,94.5865002334112,99.70592429176303,99.35295628185862,45,2,0,45,1.0,0.0,78.53981633974483,7.0,0.5729577951308232,0.2857142857142857,0.2857142857142857,0.0,0.5729577951308232,0.5407020102443612,0.6082585075095865,-0.06755649726522539,1,1,1,1,1,1,94.5865002334112,94.5865002334112,0.47305711138685774,99.35295628185862,100.0,81,4.0,4.0,0.0,4.0,4.0,81,1.4757109859678768,1.4757109859678768,0.3570334979282536,0.5345873766430644,2.0156994024624293,81,1.3334761834639,1.3334761834639,0.39485887560200345,0.7875000000000001,2.325739212420929,81,0.7926042906262378,0.7976252274649569,0.10425846163476121,0.5764582731527997,1.0,81,1.0009358353484568,0.9539375018243822,0.30665608675251504,0.5,1.9169707032654026,81,22.725813492143548,21.35888790832717,7.529646069073542,8.550025707603353,47.78250093604598,81,26.16888461331803,26.16888461331804,7.105427357601002e-15,26.16888461331804,26.16888461331804,81
granite_2sets,44,30,30.5,22.083360151249238,19.885250632156442,23.839750800843092,23.839750800843092,33.71173494709991,33.55475680758445,1.5265672758225095,11.628374795850675,0.18371594841500416,1.4075129009485192,9.715006006741355,32,94.47855939243684,99.83130192625887,98.88083498544549,32,0,0,32,1.0,0.0,78.53981633974483,7.0,0.40743665431525206,0.0,0.0,0.0,0.40743665431525206,0.5356349928461193,0.0,0.5356349928461193,0,0,1,0,1,1,94.47855939243684,94.47855939243684,0.45763264959811667,98.88083498544549,100.0,81,4.0,4.0,0.0,4.0,4.0,81,1.3596136742386689,1.3596136742386689,0.33302493277322187,0.7903970735445394,1.9736021702578488,81,1.3470604448158134,1.3470604448158134,0.3910186792092677,0.7875000000000001,2.202524910629243,81,0.7956167862063868,0.8009992977554642,0.09185406114537087,0.5710365993698773,1.0,81,0.9480729027409732,0.96018036513672,0.28992481050192753,0.5,1.6458730853860284,81,22.083360151249238,19.885250632156442,7.533867114962025,11.375070846518964,39.914761308526465,81,23.839750800843092,23.839750800843092,0.0,23.839750800843092,23.839750800843092,81
granite_2sets,44,40,40.5,18.885540891772084,17.364899734094486,23.4481291221274,23.448129122127405,38.37446121428706,34.91103163384625,2.0319492798326877,19.488920322514975,0.30791286317698985,1.4888621370180701,11.462902511718848,31,94.73279077211086,99.847632884741,99.52536849423288,31,1,0,31,1.0,0.0,78.53981633974483,7.0,0.39470425886790045,0.14285714285714285,0.14285714285714285,0.0,0.39470425886790045,0.5405549049801424,0.3423891141530404,0.19816579082710195,0,0,0,0,1,1,94.73279077211086,94.73279077211086,0.3366870408397564,99.52536849423288,100.0,81,4.0,4.0,0.0,4.0,4.0,81,1.3626312518670987,1.3626312518670987,0.37624190099118804,0.5681938375758963,2.088844705628294,81,1.376291692722409,1.376291692722409,0.30060471702696034,0.7875000000000001,2.104829138615906,81,0.7819141109825277,0.7872261924736107,0.11007218480666231,0.5459817076251031,1.0,81,1.0683914209201355,1.0688220218304751,0.308429715746079,0.5,1.8192772382454212,81,18.885540891772084,17.364899734094486,7.142063841791988,8.932892262583353,45.107257448569875,81,23.4481291221274,23.448129122127405,3.552713678800501e-15,23.448129122127405,23.448129122127405,81
granite_2sets,44,50,50.5,19.206086409640466,18.984290893520587,21.416460435540756,21.416460435540756,32.121482315156705,33.347886246970184,1.6724636987488182,12.915395905516238,0.22335670006965458,1.5571147411282373,11.931425811429428,49,94.43760402380857,99.67957568443438,99.00064706231835,49,3,2,47,0.9591836734693877,0.04081632653061224,78.53981633974483,7.0,0.6238873769202297,0.42857142857142855,0.42857142857142855,0.025464790894703253,0.5984225860255264,0.503335115136826,0.4859759124837323,0.017359202653093764,0,0,1,0,0,1,94.43760402380857,94.43760402380857,0.5234929139888219,99.00064706231835,100.0,81,4.0,4.0,0.0,4.0,4.0,81,1.4349931196363053,1.4349931196363053,0.3285810579217194,0.7525367792081846,2.280455787825692,81,1.5819293811059842,1.5819293811059842,0.3779884308813698,0.8624676020886424,2.451036631073583,81,0.796950083535922,0.8000829031191969,0.10243365635177933,0.5689731793404341,0.9948789404152094,81,0.9811189233089843,0.9780559887053968,0.28227813051316036,0.5,1.5754214518439624,81,19.206086409640466,18.984290893520587,6.971556814099959,7.734686848376839,39.70030857670386,81,21.416460435540756,21.416460435540756,0.0,21.416460435540756,21.416460435540756,81
granite_2sets,44,60,60.5,21.277846372607247,19.525054814964935,23.586367816658562,23.586367816658555,32.93706177576793,34.15,1.5479509156608333,11.659215403160683,0.18975718541947195,1.4478702386672933,10.563632183341436,46,94.34714072892534,99.52057193458486,99.00109138476833,46,0,0,46,1.0,0.0,78.53981633974483,7.0,0.5856901905781748,0.0,0.0,0.0,0.5856901905781748,0.4829780743741915,0.0,0.4829780743741915,0,0,1,0,1,1,94.34714072892534,94.34714072892534,0.698006872961365,99.00109138476833,100.0,81,4.0,4.0,0.0,4.0,4.0,81,1.4002377523243543,1.4002377523243543,0.4017247067338687,0.5,2.086413131946243,81,1.4002625298159999,1.4002625298159999,0.4107057726262334,0.7875000000000001,2.2420985571826817,81,0.8082960877965973,0.791513377950939,0.09470225914104023,0.5894084851840085,1.0,81,0.9744390879034227,0.9637395905353442,0.2592359924869427,0.5,1.550239651642467,81,21.277846372607247,19.525054814964935,7.412445860138983,10.55501148051607,47.17273563331711,81,23.586367816658562,23.586367816658555,7.105427357601002e-15,23.586367816658555,23.586367816658555,81
granite_2sets,44,70,70.5,21.375298874543667,19.663096255085577,25.118352397638432,25.118352397638432,32.033009820447845,33.7,1.4985993884088653,10.657710945904178,0.175685551022853,1.341648507294945,8.58164760236157,40,94.81652944282182,99.88558220351781,99.68880943899124,40,0,0,40,1.0,0.0,78.53981633974483,7.0,0.5092958178940651,0.0,0.0,0.0,0.5092958178940651,0.5135031775455234,0.0,0.5135031775455234,0,1,1,0,1,1,94.81652944282182,94.81652944282182,0.2510097136109977,99.68880943899124,100.0,81,4.0,4.0,0.0,4.0,4.0,81,1.395972380797906,1.395972380797906,0.39588099935335813,0.5,2.222392637829784,81,1.3173759792236115,1.3173759792236115,0.37862435188009624,0.7875000000000001,2.2727159445676626,81,0.806467414278489,0.8119519209104149,0.10023291980877076,0.48292539730768297,1.0,81,1.0315315158795177,1.0160469517703485,0.27705113913975227,0.5,1.6485630276569154,81,21.375298874543667,19.663096255085577,7.38447368837234,9.674846574206883,43.309516095455514,81,25.118352397638432,25.118352397638432,0.0,25.118352397638432,25.118352397638432,81
granite_2sets,44,80,80.5,20.913755800342724,17.77818944684122,23.523634409155807,23.523634409155804,37.268115791049446,35.28377447367264,1.7819905782030176,16.354359990706723,0.2509054034913967,1.4999287040415654,11.760140064516836,50,94.49717371597089,99.59050536379179,99.29101489107782,50,1,0,50,1.0,0.0,78.53981633974483,7.0,0.6366197723675814,0.14285714285714285,0.14285714285714285,0.0,0.6366197723675814,0.50213878440084,0.5882227929348071,-0.08608400853396703,0,0,1,0,1,1,94.49717371597089,94.49717371597089,0.6171786091860134,99.29101489107782,100.0,81,4.0,4.0,0.0,4.0,4.0,81,1.474561613627379,1.474561613627379,0.342977021323934,0.5815383108821519,2.3162882344664077,81,1.480871349790389,1.480871349790389,0.3625932029280116,0.8428092952973799,2.20153560063882,81,0.7925276088811809,0.7846327871923381,0.10392435573907845,0.4298937420596059,1.0,81,0.9978866316750348,0.9864483128072908,0.3025527133525175,0.5,1.9854061122953384,81,20.913755800342724,17.77818944684122,8.362792771935528,7.3793899024498275,42.86928694787422,81,23.523634409155807,23.523634409155804,3.552713678800501e-15,23.523634409155804,23.523634409155804,81
