case_name,seed,face_x_idx,face_x_coord,borehole_name,Q_face_mean,Qp_face_mean,Q_bh_mean,Q_bh_median,Qp_bh_mean,Qp_bh_median,RQD_bh_mean,Jn_bh_mean,Jr_bh_mean,Ja_bh_mean,Jw_bh_mean,SRF_bh_mean,Q_ratio_bh_to_face,Qp_ratio_bh_to_face,face_fracture_count,bh_fracture_count,common_fracture_count,missed_fracture_count,miss_ratio,detection_ratio,bh_window_length,bh_fracture_frequency,face_fracture_density,bh_union_fracture_frequency,common_fracture_density,missed_fracture_density,orientation_bias_bh,face_orientation_bias,orientation_bias_gap_to_face,Q_match_strict,Q_match_normal,Q_match_loose,Qp_match_strict,Qp_match_normal,Qp_match_loose
granite_2sets,42,10,10.5,Center,21.83809025400908,25.24025741405072,25.852964973433835,25.638238182356613,30.134440995421876,34.3,94.46803168012801,4.0,1.5507326770281937,1.229703913208652,0.8649277138228487,1.0250012572190166,1.1838473361326864,1.1939038695638131,45,2,0,45,1.0,0.0,7.0,0.2857142857142857,0.5729577951308232,0.2857142857142857,0.0,0.5729577951308232,0.4819422569802053,0.5344571919619878,0.0525149349817825,1,1,1,1,1,1
granite_2sets,42,20,20.5,Center,20.932387134428737,24.037970289992334,34.658792907540665,32.686293341246454,34.0,34.3,97.14285714285714,4.0,1.75,1.25,0.8144351795766924,0.8926088927430118,1.655749661276582,1.414428905179034,38,0,0,38,1.0,0.0,7.0,0.0,0.4838310269993618,0.0,0.0,0.4838310269993618,0.0,0.5940734146915106,0.5940734146915106,0,0,1,0,1,1
granite_2sets,42,30,30.5,Center,20.629355114082493,24.336429471340015,25.67045048755605,23.01140581526883,31.862414082399727,33.25,92.58020152141845,4.0,1.7307325865290781,1.2631035444749033,0.8106102889220763,1.1316567898661758,1.2443651459580667,1.309247690583483,43,2,0,43,1.0,0.0,7.0,0.2857142857142857,0.5474930042361199,0.2857142857142857,0.0,0.5474930042361199,0.5372470659505686,0.5426369154816771,0.005389849531108548,1,1,1,0,1,1
granite_2sets,42,40,40.5,Center,20.875047001824825,24.055094105927203,26.79466600173841,27.42404231630912,32.21821305864935,34.3,94.53463760911833,4.0,1.753226826477413,1.2990988529857541,0.8029491566057084,1.009873484150154,1.283573924379481,1.3393509464887414,44,1,0,44,1.0,0.0,7.0,0.14285714285714285,0.5602253996834716,0.14285714285714285,0.0,0.5602253996834716,0.3193260396521863,0.5294035203111371,0.21007748065895082,0,1,1,0,1,1
granite_2sets,42,50,50.5,Center,21.952354965114253,24.49637252795907,30.512459203390353,27.676407157278206,31.077325685840144,34.3,92.87510074607509,4.0,1.6462079348164937,1.243300889310275,0.801914337164499,0.8985959531084314,1.3899401340712398,1.2686501093323048,40,2,1,39,0.975,0.025,7.0,0.2857142857142857,0.5092958178940651,0.2857142857142857,0.012732395447351627,0.4965634224467134,0.3669418528025361,0.5386115957621236,0.17166974295958748,0,1,1,0,1,1
granite_2sets,42,60,60.5,Center,19.015289983447587,21.06887609477713,33.76594995044933,26.571941898214714,38.45653466625537,33.25,94.4039338044577,4.0,1.8873848105671986,1.1982719193253442,0.809268819463607,0.969510772207947,1.7757262697461824,1.8252769864543725,58,1,1,57,0.9827586206896551,0.017241379310344827,7.0,0.14285714285714285,0.7384789359463944,0.14285714285714285,0.012732395447351627,0.7257465404990427,0.6077832093631328,0.47043583610422146,-0.13734737325891133,0,0,1,0,0,1
granite_2sets,42,70,70.5,Center,21.266469648484428,24.28832184765025,31.286205869871868,24.38148931004259,36.08743207802468,34.3,91.7902892458184,4.0,1.739551747033051,1.1434025802564303,0.7891648501805587,1.0533063114087906,1.4711518360595175,1.4857935556184145,37,3,0,37,1.0,0.0,7.0,0.42857142857142855,0.4710986315520102,0.42857142857142855,0.0,0.4710986315520102,0.42212572272622717,0.5349282653772931,0.11280254265106593,0,1,1,0,1,1
granite_2sets,42,80,80.5,Center,19.281794264169747,21.657155427388744,35.55965780078824,26.08110661747757,39.98915505638616,34.3,94.96968712286606,4.0,1.8586706588634743,1.155831483101411,0.7952730469422277,1.030404587958243,1.8442089627969276,1.8464638715116684,42,2,0,42,1.0,0.0,7.0,0.2857142857142857,0.5347606087887683,0.2857142857142857,0.0,0.5347606087887683,0.5924438633948674,0.5062870723937827,-0.08615679100108475,0,0,1,0,0,1
granite_2sets,43,10,10.5,Center,20.34770005886655,23.804830685132284,35.41166313883629,35.37014706521095,37.758495312069726,34.3,95.42131668058798,4.0,1.81999399077082,1.2289017182997237,0.827807401415175,0.9191948836702305,1.740327557236897,1.5861694549103618,37,3,0,37,1.0,0.0,7.0,0.42857142857142855,0.4710986315520102,0.42857142857142855,0.0,0.4710986315520102,0.4157362720483755,0.47374597178100153,0.05800969973262604,0,0,1,0,0,1
granite_2sets,43,20,20.5,Center,19.135216209610604,23.48370203444029,26.787266273144784,23.95326769249336,33.01621039875763,33.25,93.84255998310199,4.0,1.7474613933286718,1.2414602424652195,0.7890776707083306,1.0851433198448603,1.3998935773556067,1.4059201717998862,55,2,2,53,0.9636363636363636,0.03636363636363636,7.0,0.2857142857142857,0.7002817496043394,0.2857142857142857,0.025464790894703253,0.6748169587096362,0.37495199504175347,0.5169911659471665,0.14203917090541307,0,1,1,0,1,1
granite_2sets,43,30,30.5,Center,23.057492184593375,25.384033546706778,32.601376356242675,32.104364894624176,38.5321739300664,34.3,94.99169796464784,4.0,1.8487331074401614,1.1819044372946834,0.8383740476761583,1.0724530384979736,1.4139168342872241,1.5179689177122684,50,1,1,49,0.98,0.02,7.0,0.14285714285714285,0.6366197723675814,0.14285714285714285,0.012732395447351627,0.6238873769202297,0.7177312813495413,0.5501188958242083,-0.16761238552533309,0,1,1,0,0,1
granite_2sets,43,40,40.5,Center,21.39582889928964,24.3920997367658,34.88546260316873,34.59193419446624,35.413717732705784,34.3,95.33235077840719,4.0,1.7709877912778835,1.2022232987562815,0.7856906643525142,0.8820310167710481,1.630479602700831,1.451851956776287,48,1,1,47,0.9791666666666666,0.020833333333333332,7.0,0.14285714285714285,0.6111549814728781,0.14285714285714285,0.012732395447351627,0.5984225860255264,0.5788644380944571,0.5132135335542523,-0.06565090454020484,0,0,1,0,1,1
granite_2sets,43,50,50.5,Center,23.077683192638663,25.42553429357085,24.457061894313586,22.619549114042364,37.7605955052918,34.3,94.8394701956267,4.0,1.813024558783653,1.2002974720891026,0.7784083817602602,1.2086533050017532,1.0597711083110335,1.4851446215169615,44,2,1,43,0.9772727272727273,0.022727272727272728,7.0,0.2857142857142857,0.5602253996834716,0.2857142857142857,0.012732395447351627,0.5474930042361199,0.5548811513001222,0.5345661719656363,-0.020314979334485894,1,1,1,0,1,1
granite_2sets,43,60,60.5,Center,21.750633275712755,24.348526959202978,33.187260358542744,24.94101704280095,32.535883583009216,34.3,96.16487140863536,4.0,1.707786695467334,1.2804991320426733,0.8508582893264387,0.9549100123832966,1.5258066253914724,1.336256753335613,50,2,1,49,0.98,0.02,7.0,0.2857142857142857,0.6366197723675814,0.2857142857142857,0.012732395447351627,0.6238873769202297,0.42852838108429125,0.4965056846508521,0.06797730356656084,0,0,1,0,1,1
granite_2sets,43,70,70.5,Center,22.7951392300668,24.67015568995564,29.231625725211988,27.252079839422112,37.30099701838303,34.3,95.86276990885578,4.0,1.8119186782489094,1.217430554464008,0.7749456858026204,1.0076854579923347,1.2823622365357374,1.5119887157246434,51,2,1,50,0.9803921568627451,0.0196078431372549,7.0,0.2857142857142857,0.649352167814933,0.2857142857142857,0.012732395447351627,0.6366197723675814,0.580465128345919,0.532727406349996,-0.047737721995922966,0,1,1,0,0,1
granite_2sets,43,80,80.5,Center,19.305743546545187,23.081612460075863,24.3198124718621,25.20396695990344,32.05397437643048,34.3,95.85714285714286,4.0,1.6942969714065022,1.2804983612339067,0.8395264312951187,1.1215749446431096,1.2597190267874554,1.3887233585553895,48,1,1,47,0.9791666666666666,0.020833333333333332,7.0,0.14285714285714285,0.6111549814728781,0.14285714285714285,0.012732395447351627,0.5984225860255264,0.6241416902680885,0.5346180190990935,-0.08952367116899507,0,1,1,0,1,1
granite_2sets,44,10,10.5,Center,19.646960557999844,23.23354093914718,32.12403437121576,31.238357706945163,40.03115594765431,34.3,92.11595515304002,4.0,1.9561447044608258,1.1529177451493344,0.8483109548948455,1.1003461032592246,1.6350638194840525,1.722989881417693,45,2,0,45,1.0,0.0,7.0,0.2857142857142857,0.5729577951308232,0.2857142857142857,0.0,0.5729577951308232,0.4774048472660467,0.5771246947836677,0.09971984751762097,0,0,1,0,0,1
granite_2sets,44,20,20.5,Center,22.725813492143548,26.16888461331803,26.732457860896723,21.174777304612324,28.78823806796881,34.3,96.592440521395,4.0,1.547256692553778,1.3562130551145546,0.8154263785742245,0.9564629750765266,1.176303672039652,1.1000941955820969,45,2,0,45,1.0,0.0,7.0,0.2857142857142857,0.5729577951308232,0.2857142857142857,0.0,0.5729577951308232,0.6082585075095865,0.5407020102443612,-0.06755649726522539,1,1,1,1,1,1
granite_2sets,44,30,30.5,Center,22.083360151249238,23.839750800843092,33.71173494709991,28.355702193432712,33.55475680758445,34.3,95.87073373595558,4.0,1.75,1.25,0.791955200100956,0.9533002678104114,1.5265672758225095,1.4075129009485192,32,0,0,32,1.0,0.0,7.0,0.0,0.40743665431525206,0.0,0.0,0.40743665431525206,0.0,0.5356349928461193,0.5356349928461193,0,0,1,0,1,1
granite_2sets,44,40,40.5,Center,18.885540891772084,23.4481291221274,38.37446121428706,34.89961133228862,34.91103163384625,34.3,94.46978089568893,4.0,1.7794397736921397,1.2077593390789814,0.829537533192663,0.8836437821206415,2.0319492798326877,1.4888621370180701,31,1,0,31,1.0,0.0,7.0,0.14285714285714285,0.39470425886790045,0.14285714285714285,0.0,0.39470425886790045,0.3423891141530404,0.5405549049801424,0.19816579082710195,0,0,0,0,1,1
granite_2sets,44,50,50.5,Center,19.206086409640466,21.416460435540756,32.121482315156705,31.469483098427556,33.347886246970184,33.25,93.90126840626657,4.0,1.7733493046456754,1.2491576870642942,0.7697078113663637,0.9260694567894662,1.6724636987488182,1.5571147411282373,49,3,2,47,0.9591836734693877,0.04081632653061224,7.0,0.42857142857142855,0.6238873769202297,0.42857142857142855,0.025464790894703253,0.5984225860255264,0.4859759124837323,0.503335115136826,0.017359202653093764,0,0,1,0,0,1
granite_2sets,44,60,60.5,Center,21.277846372607247,23.586367816658562,32.93706177576793,30.834121978512876,34.15,34.3,97.57142857142857,4.0,1.75,1.25,0.8511528515432198,0.9840976108986137,1.5479509156608333,1.4478702386672933,46,0,0,46,1.0,0.0,7.0,0.0,0.5856901905781748,0.0,0.0,0.5856901905781748,0.0,0.4829780743741915,0.4829780743741915,0,0,1,0,1,1
granite_2sets,44,70,70.5,Center,21.375298874543667,25.118352397638432,32.033009820447845,31.54355710242386,33.7,33.25,96.28571428571429,4.0,1.75,1.25,0.7668665709854164,0.863812102052383,1.4985993884088653,1.341648507294945,40,0,0,40,1.0,0.0,7.0,0.0,0.5092958178940651,0.0,0.0,0.5092958178940651,0.0,0.5135031775455234,0.5135031775455234,0,1,1,0,1,1
granite_2sets,44,80,80.5,Center,20.913755800342724,23.523634409155807,37.268115791049446,36.08566651330428,35.28377447367264,34.3,95.67642573661293,4.0,1.7085986564953737,1.1785714285714286,0.8304130042641316,0.9368095717233638,1.7819905782030176,1.4999287040415654,50,1,0,50,1.0,0.0,7.0,0.14285714285714285,0.6366197723675814,0.14285714285714285,0.0,0.6366197723675814,0.5882227929348071,0.50213878440084,-0.08608400853396703,0,0,1,0,1,1
